Title,Content,"Slug
",Parent,Thumbnail,Menu order,Теги,Подразделение,Направление,Проблема,Документы
"Подписка на свежие номера
","<p>Вы можете подписаться на печатный вариант газеты в редакции. Стоимость подписки с рассылкой по России за один экземпляр — 40 руб., на полгода — 250 руб., на год — 500 руб.</p>
<p>Стоимость отправки одного экземпляра в ближнее зарубежье — 60 руб., в дальнее — 75 руб.</p>
<h4>Реквизиты для банковского перевода:</h4>
<p>Расчетный счет 40703810529120000002<br>
Филиал «Нижегородский» ОАО «Альфа-Банк», г.Нижний Новгород <br>
Кор. счет 30101810200000000824<br>
БИК 042202824<br></p>
<p>В назначении платежа укажите адрес, по которому нужно высылать газету.</p>",bereginya-subscribe,none,"http://dront.ru/images/news/2016/06-17/Water-of-Russia.jpg
",0,"берегиня
",dront-bereginya,dront-publications,none,"none
"
Что мы делаем,obereg.txt,"obereg-activity
",none,http://dront.ru/images/obereg/lesnaya-olimpiada/2005/09_big.jpg,90,"оберег,деятельность
",dront-obereg,none,none,"http://dront.ru/files/obereg/reports/Otchot-Obereg-2015.doc,http://dront.ru/files/reports/2014/Otchot-Obereg-2014.doc,http://dront.ru/files/obereg/reports/Obereg Report 202013.doc,http://dront.ru/files/obereg/reports/obereg-report-2012.doc"
"Конкурс ""Экогород. Экодом""","<p>Областной конкурс молодежных экологических проектов проводится с 2006 года. Одной из важнейших задач конкурса является привлечение внимания подрастающего поколения к возможностям применения новых экологически чистых технологий в строительстве.</p>
<p>Организаторы конкурса: Министерство экологии и природных ресурсов Нижегородской области, Экологический центр «Дронт», редакция журнала «Умный дом», видеожурнал «Строй», архитектурно-ландшафтный центр «Архиленд», общественная организация «Зеленый мир», и другие. Среди участников конкурса и школьники, и студенты средних и высших учебных заведений, в том числе профильных (строительных). </p>
<p>Итоги конкурса традиционно подводятся на форуме «Великие реки». Это делается не случайно. Экологический Форум «Великие Реки» проходит вместе с Архитектурно-строительным форумом, поэтому проекты детей могут увидеть и профессиональные строители и архитекторы. А дети, в свою очередь, могут познакомиться с современными технологиями строительства и энергосбережения.</p>","ecodom-konkurs
",none,"http://dront.ru/images/obereg/eco-gorod-eco-dom/2012/IMG_2843.jpg
",100,"оберег,конкурсы",dront-obereg,dront-education,none,"http://dront.ru/files/obereg/eco-gorod-eco-dom-books.rar,http://dront.ru/files/competition/ecogorod-ecodom/2015/Polozheniye-Ekogorod.doc,http://dront.ru/files/competition/ecogorod-ecodom/2015/Pustynskaya-biostantsiya.doc"
"2015. Экогород.Экодом
",import | http://dront.ru/news/1901/,ecodom-2015,"ecodom-konkurs
","http://dront.ru/images/obereg/eco-gorod-eco-dom/2013/Image24.jpg
",0,"оберег,конкурсы,итоги",dront-obereg,none,none,"http://dront.ru/files/competition/ecogorod-ecodom/2015/Polozheniye-Ekogorod.doc,http://dront.ru/files/competition/ecogorod-ecodom/2015/Pustynskaya-biostantsiya.doc"
"2014. Экогород.Экодом
",import | http://dront.ru/news/1119/,ecodom-2014,"ecodom-konkurs
","http://dront.ru/images/obereg/eco-gorod-eco-dom/2013/Image52.jpg
",0,"оберег,конкурсы,итоги",dront-obereg,none,none,"http://dront.ru/files/competition/ecogorod-ecodom/2013/Polozheniye_Ekogorod_2013-14.doc,http://dront.ru/files/competition/ecogorod-ecodom/2013/Metodich_posobiye_uchastnikam.doc"
"2013. Экогород.Экодом
",import | http://dront.ru/obereg/eco-gorod-eco-dom-2013/,ecodom-2013,"ecodom-konkurs
",none,0,"оберег,конкурсы,итоги",dront-obereg,none,none,"http://dront.ru/files/competition/ecogorod-ecodom/2013/Polozheniye_Ekogorod_2013-14.doc,http://dront.ru/files/competition/ecogorod-ecodom/2013/Metodich_posobiye_uchastnikam.doc,http://dront.ru/files/competition/ecogorod-ecodom/2013/itogi.doc,http://dront.ru/files/competition/ecogorod-ecodom/polozhenie-2013.doc"
"2012. Экогород.Экодом
",import | http://dront.ru/obereg/eco-gorod-eco-dom-2012/,ecodom-2012,"ecodom-konkurs
",none,0,"оберег,конкурсы,итоги",dront-obereg,none,none,none
"2010-2011. Экогород.Экодом
",import | http://dront.ru/obereg/eco-gorod-eco-dom-2010/,ecodom-2010,"ecodom-konkurs
","http://dront.ru/images/obereg/eco-gorod-eco-dom/2013/Image47.jpg
",0,"оберег,конкурсы,итоги",dront-obereg,none,none,none
"Конкурс ""Лесная олимпиада""","<p>Областная олимпиада проводится с 2000 года и в 2003г. завершилась выставкой работ ""Чей дуб лучше"".</p>
<p>Конкурс традиционно включает вс ебя конкурсы творческих работ (стихи, проза, рисунки, фотографии), посвящённых широколиственным лесам, конкурс исследовательских, краеведческих работ, посвященных широколиственным лесам, вековым дубравам.</p>
<p>Среди задач конкурса — пропаганда бережного отношения к широколиственным лесам и исчезающим видам растений и животных, выявление групп, активно заинтересованных в их сохранении, развитие исследовательских навыков у школьников и инвентаризация сохранившихся участков широколиственных лесов и отдельных деревьев.</p>",lesolimp,none,"http://dront.ru/images/obereg/lesnaya-olimpiada/2006/28_big.jpg
",90,"оберег,конкурсы",dront-obereg,dront-education,none,none
"2003. Лесная олимпиада
",import | http://dront.ru/obereg/lesnaya-olimpiada-2003/,lesolimp-2003,lesolimp,none,0,"оберег,конкурсы,итоги",dront-obereg,none,none,none
"2004. Лесная олимпиада
",import | http://dront.ru/obereg/lesnaya-olimpiada-2004/,lesolimp-2004,lesolimp,none,0,"оберег,конкурсы,итоги",dront-obereg,none,none,http://dront.ru/files/obereg/lesnaya-olimpiada-2004.doc
"2005. Лесная олимпиада
",import | http://dront.ru/obereg/lesnaya-olimpiada-2005/,lesolimp-2005,lesolimp,none,0,"оберег,конкурсы,итоги",dront-obereg,none,none,http://dront.ru/files/obereg/lesnaya-olimpiada-2005.doc
"2006. Лесная олимпиада
",import | http://dront.ru/obereg/lesnaya-olimpiada-2006/,lesolimp-2006,lesolimp,none,0,"оберег,конкурсы,итоги",dront-obereg,none,none,http://dront.ru/files/obereg/lesnaya-olimpiada-2006.doc
"2007. Лесная олимпиада
",import | http://dront.ru/obereg/lesnaya-olimpiada-2007/,lesolimp-2007,lesolimp,none,0,"оберег,конкурсы,итоги",dront-obereg,none,none,http://dront.ru/files/obereg/lesnaya-olimpiada-2007.doc
Что мы делаем,cpst.txt,centerpt-activity,none,http://dront.ru/images/news/2016/04-15/2.jpg,90,"центр природосберегающих технологий,деятельность",dront-cpst,none,none,"http://dront.ru/files/cpt/cpt-report-2015.doc,http://dront.ru/files/reports/2014/CPT-Report-2014.doc,http://dront.ru/files/cpt/CPT-report-2013.doc,http://dront.ru/files/cpt/cpt-report-2012.doc,http://dront.ru/files/cpt/cpt_report_2011.doc,http://dront.ru/files/cpt/cpt_report_2010.doc,http://dront.ru/cpt/2009/,http://dront.ru/cpt/2008/,http://dront.ru/cpt/2007/"
"Реализованные проекты центра
","<p>Создание сети эколого-ориентированных журналистов Поволжья». Продолжительность проекта: 1995–1996 гг.</p>
<p>Экологические организации Нижегородской области». Продолжительность проекта: 1996 г.</p>
<p>Поддержка программы РОЛЛ в Волжско-Южноевропейском регионе. Продолжительность проекта: 1997–2004 гг.</p>
<p>Гражданские инициативы как основа возрождения российского села. Продолжительность проекта: 2005 г.</p>
<p>Поддержка программы «Развитие муниципальных образований. Продолжительность проекта: 2005–2010 гг.</p>
<p>Развитие местных сообществ и внедрение принципов энерго- и ресурсосбережения в северных районах Нижегородской области. Продолжительность проекта: 2006–2007 гг.</p>
<p>Растения дарят здоровье детям. Продолжительность проекта: 2007 г.</p>
<p>Карта местных ценностей — вовлечение молодого поколения в развитие туризма. Продолжительность проекта: 2008 г.</p>
<p>Меняя жизнь к лучшему. Продолжительность проекта: 2009–2010 гг.</p>",centerpt-projects,none,"http://dront.ru/images/news/2016/04-26/5.jpg
",0,"центр природосберегающих технологий,список проектов",dront-cpst,none,none,none
"Что мы делаем
",sopr.txt,"sopr-activity
",none,"sopr.jpeg
",90,"СОПР,деятельность",dront-sopr,dront-researches,dront-birds,"http://dront.ru/files/reports/2014/Otchot-SOPR-2014.doc,http://dront.ru/files/sopr/SOPR-report-2013.doc,http://dront.ru/files/sopr/sopr-report-2012.doc,http://dront.ru/files/sopr/sopr-report-2011.doc,http://dront.ru/files/sopr/sopr-report-2010.doc,http://dront.ru/files/sopr/sopr-report-2009.doc,http://dront.ru/files/sopr/sopr-report-2008.doc,http://dront.ru/files/sopr/sopr-report-2007.doc,http://dront.ru/files/sopr/sopr-report-2006.doc,http://dront.ru/files/sopr/sopr-report-2005.doc,http://dront.ru/files/sopr/sopr-report-2004.doc,http://dront.ru/files/sopr/sopr-report-2003.doc"
"Кампания ""Птица года""","<h4>Что это такое?</h4>
<p>Кампания ""Птица года"", ставшая традиционной, привлекает внимание жителей нашей страны к различным видам птиц - символам природы России.</p>
<p>Первую птицу года Союз охраны птиц России выбрал в 1996 году - им стал коростель, в Западной Европе оказавшийся на грани исчезновения. А в России ему пока живется неплохо! Потом такой титул получали полевой жаворонок, серый журавль, деревенская ласточка. Птицей 2000 года стала большая синица - милая, хорошо всем знакомая и любимая в народе птичка. Ее мелодичные песни зазвучали на улицах города уже с конца января, создавая весеннее настроение в зимнюю стужу. Поскольку синицы всегда чем-то заняты и на редкость подвижны, наблюдать за ними можно часами.</p>
<h4>Как можно в этом участвовать?</h4>
<p>Птице года - наше особое внимание и заботу! Это совсем несложно. Во-первых, не оставляйте птичьи кормушки пустыми. Во-вторых, помогите синицам решить ""жилищную проблему"". Изготовить и повесить синичник легко, а прослужит он не один год. И, в-третьих, просто не обижайте птиц. Пусть им всем будет хорошо рядом с человеком! </p>",bird-of-year,none,"year-bird.jpeg
",0,"СОПР,птицы,кампании",dront-sopr,dront-activist,dront-birds,"http://dront.ru/files/publications/2015/Udod-1str.jpg,http://dront.ru/files/publications/2015/Udod-2str.jpg,http://dront.ru/files/publications/2014/Gorihvostka.zip,http://dront.ru/files/publications/Buklet Strizh%20ptitsa 2014.jpg,http://dront.ru/files/publications/orlan.zip,http://dront.ru/files/publications/tryasoguzka-ptitsa-goda.zip,http://dront.ru/files/publications/chibis2010.pdf,http://dront.ru/files/publications/NK_2006_1.pdf,http://dront.ru/files/publications/owls-2005.pdfhttp://dront.ru/files/publications/NK_2004_2.pdf,http://dront.ru/files/publications/NK_2003_15.pdf,http://dront.ru/files/publications/pustelga_2002.pdf,http://dront.ru/files/publications/NK_2001_2.pdf"
Международный день птиц,"<h4>Что это такое?</h4>
<p>В первое воскресенье апреля отмечается международный день птиц. Традиционно в день птиц развешивают скворечники, синичники, дуплянки.</p>
<h4>Зачем это нужно?</h4>
<p>Сегодня многие виды птиц становятся редкими. В результате деятельности человека мест, где могут гнездиться дикие птицы, становится все меньше.</p>
<p>Школьники из экологического объединения ""Жаворонок"" развешивают кормушки. Фото А.А.Матвеева</p>          
<h4>Как можно в этом участвовать?</h4>
<p>Построив искусственное гнездовье, Вы поможете хотя бы одной паре птиц решить ""жилищную проблему"" и вывести потомство. И не страшно, если Вы не успели повесить скворечник в первое воскресенье апреля. Устройте свой собственный <p>день птиц. Наша помощь и защита пернатым нужна ежедневно! </p>",day-of-birds,none,"int-day-birds.jpg
",0,"СОПР,птицы,кампании",dront-sopr,dront-activist,dront-birds,none
Международные дни наблюдения птиц,"<h4>Что это такое?</h4>
<p>Ежегодно во всем мире тысячи людей два дня осени посвящают наблюдению за птицами. В 1995 г. Союз охраны птиц России присоединился к этой международной акции, которая проводится под эгидой Международной Ассоциации по Охране Птиц (BirdLife International). В 1999 г. в Международных днях наблюдения птиц участвовали 192482 человека, среди которых 6885 жителей России и 246 нижегородцев, а в 2000 г. - 700 нижегородцев. </p>                  
<h4>Зачем это нужно?</h4>
<p>Эта акция - не только популярный вид отдыха людей, но и привлечение внимания общества к проблемам защиты птиц и их местообитаний, к проблемам выживания дикой природы во всем мире.</p>
<h4>Как можно в этом участвовать</h4>
<p>Если Вы не городской житель, выйдите на окраину поселка и понаблюдайте за птицами, которые Вас окружают. Если у Вас нет времени выехать на природу, сделайте это в парке.</p>
<p>Чтобы результаты ваших наблюдений вошли в международный обзор, запишите их, заполните анкету участника и вышлите ее в адрес Нижегородского отделения СОПР.</p>
<p>Потратив всего несколько часов в выходные для наблюдения птиц в природе, Вы отдадите свой голос в защиту птиц в нашей стране и во всем мире. </p>",days-birds,none,nablyud.jpeg,0,"СОПР,птицы,кампании",dront-sopr,dront-activist,dront-birds,http://dront.ru/files/publications/buklet-2011.rar
Кадастровые работы,"<h4>Что это такое?</h4>
<p>Кадастр — это свод данных о различных группах птиц: о местах их обитания, численности, особенностях жизненного цикла, принятых и необходимых мерах охраны, возможностях использования. Нижегородское отделение СОПР принимает участие в кадастровых работах, ведущихся на территории нашей области. К 2000 г. уже составлены кадастры серого журавля и колониальных околоводных птиц (чайковых и серой цапли).</p>
<h4>Зачем это нужно?</h4>
<p>Для эффективной охраны и регуляции использования всего пернатого населения нашей области важно знать состояние не только редких, но и всех остальных видов птиц.</p>
<h4>Как можно в этом участвовать?</h4>
<p>Приглашаем Вас в сеть наблюдателей птиц! Мы с благодарностью примем каждую крупицу информации. В одной из ключевых орнитологических территорий международного значения — в пойме р. Суры в Пильнинском районе в полевом сезоне 1999 г. вели исследования школьники, занимающиеся на областной станции юннатов под руководством О.А. Заплатиной.</p>
<p>Своими впечатлениями поделилась Анастасия Аверина.</p>
<p>Мне посчастливилось побывать в составе группы школьников, ведущих учет численности серых журавлей на предотлетном скоплении. Раньше я видела этих птиц только в энциклопедиях и телепередачах. Наша группа учитывала число журавлей, летящих с ночевки в поля. Журавли летели над изгибом реки, зрелище это было просто сказочным. Несколько сотен птиц, красивых и величественных, собрались этой осенью в окрестностях с. Петряксы Пильнинского района. Звуки их голосов разносились по бескрайним полям и над изгибами Суры. Глядя на летящих птиц, понимаешь, что полет журавля — это полет мечты, сказка…</p>",birds-kadastr,none,birds-kadastr.jpg,0,"СОПР,птицы,проекты",dront-sopr,dront-researches,dront-birds,http://dront.ru/files/publications/NK_2001_3.pdf
Изучение и охрана редких видов птиц,"<h4>Что это такое?</h4>
<p>Ряд видов птиц в связи с растущим давлением человека на природу сокращают свою численность, становятся редкими. В Нижегородской области регулярно гнездятся 190 видов птиц, треть из них (68 видов) занесены в областную Красную книгу. Нижегородским отделением СОПР ведется сбор информации о местах обитания и численности редких видов птиц, практические мероприятия по их охране.
Белоголовый сип. Фото Л. М.Новиковой </p>
<h4>Зачем это нужно?</h4>
<p>Потеря любого вида птиц невосполнима. Для большинства видов птиц основную угрозу представляет разрушение местообитаний. Поэтому важно не только защитить самих птиц от преследования человеком, но и сохранить условия для их жизни в природе.</p>
<h4>Что можно сделать для охраны редких видов птиц?</h4>
<p>Многих представителей редких видов птиц в Нижегородской области можно буквально пересчитать по пальцам, поэтому нам важно узнать и сохранить все места их обитания. Если Вы встретили редкую птицу или нашли ее гнездо, сообщите о находке в Нижегородское отделение СОПР. Оперативно сообщив нам о встрече необычной птицы, вы не только поможете спасти вид от исчезновения, но и скажете новое слово в науке! Большинство редких видов птиц очень болезненно реагируют на любое беспокойство у гнезда и при частом посещении могут бросить гнездо даже с птенцами. Поэтому, найдя гнездо, ни в коем случае нельзя залезать в него, трогать яйца и птенцов.</p>",birds-rares,none,birds-rares.jpg,0,"СОПР,птицы,проекты",dront-sopr,dront-researches,"dront-birds,dront-rares",none
"Изучение пролета птиц
","<h4>Что это такое?</h4>
<o>Нижегородское отделение СОПР начало изучение пролета птиц. Нижегородская область — центр Европейской части России, где проходят заметные пролетные пути и находятся места остановок значительного количества мигрирующих птиц. Сколько и каких птиц летит через нашу территорию, не знает никто.</p>
<h4>Зачем это нужно?</h4>
<p>Выяснение численности, сроков и последовательности появления мигрирующих птиц очень важно не только в научном отношении, но и необходимо для сохранения в нашем крае их многообразия.</p>
<h4>Как можно в этом участвовать?</h4>
<p>Выполнить эту работу мы можем только вместе. Влиться в ряды многочисленных наблюдателей пролета очень просто: нужно только записывать даты и места встреч пролетающих стай, виды и число птиц в них. Всем, кто хочет стать участником изучения пролета, мы готовы выслать брошюру о том, как включиться в эту важную и интересную работу.</p>",birds-flow,none,http://dront.ru/images/news/2016/04-20/Birds.jpg,0,"СОПР,птицы,проекты",dront-sopr,dront-researches,dront-birds,"http://dront.ru/files/publications/NK_2003_9.pdf,http://dront.ru/files/publications/NK_2001_4.pdf,http://dront.ru/files/publications/prolet_birds2010.pdf"
"Биотехнические мероприятия
","<p>Биотехнические мероприятия — постройка искусственных гнездовий, кормушек.</p>
<p>Экологическими организациями Нижегородской области, в том числе и Нижегородским отделением СОПР, в настоящее время реализуется проект «Биотехнические мероприятия для увеличения численности редких хищных птиц в Нижегородской области».</p>         
<p>Местом проведения первого эксперимента была выбрана заволжская часть Лысковского района — Камско-Бакалдинские болота. В июле 1998 г. было установлено 50 искусственных гнезд для крупных хищных птиц. Удивительно и очень приятно, что уже в первые 2 года они были по достоинству оценены птицами. 11 из них были использованы «краснокнижными» хищными птицами. Орлан-белохвост — самый крупный пернатый хищник нашей области — успешно выкормил птенца в искусственном гнездовье. Самый величественный хищник наших краев — «золотой орел» беркут — тоже попытался вывести птенца в достроенном им самим гнезде, построил жилище своим будущим детям еще на одной платформе. Скопы построили 3 гнезда и начали сооружать еще два. В одной из искусственных построек вывел двух птенцов сокол-чеглок. Кроме того, птицы регулярно использовали для отдыха еще 3 гнезда.</p>                 
<p>Уже через 2 года выяснилось, что мы потрудились не зря! Такое активное и успешное использование птицами искусственных гнездовий вселяет уверенность, что выбранный метод «активной» охраны редких видов дневных хищных птиц в будущем позволит увеличить их численность в Нижегородской области. Поэтому мы предполагаем ежегодно проверять заселенность искусственных гнезд и восстанавливать поврежденные сооружения. В 2000 г. специалисты из Лаборатории охраны биоразнообразия и Нижегородского отделения СОПР «свили» еще 124 гнезда в Воротынском, Сокольском и Тоншаевском районах.</p>",birds-events,none,birds-events.jpg,0,"СОПР,птицы,проекты",dront-sopr,dront-researches,dront-birds,none
"Ключевые орнитологические территории
","<h4>Что это такое?</h4>
<p>Международная ассоциация охраны птиц BirdLife International с 1980-х годов реализует международную программу «Important Bird Areas». Ее составной частью является программа «Ключевые орнитологические территории России (КОТР)». Сохранение особо ценных местообитаний птиц, а тем самым и пернатых обитателей — основная задача программы «Ключевые орнитологические территории России», которую Союз охраны птиц России проводит с 1994 г. Ключевые орнитологические территории — это наиболее ценные для диких птиц участки земной или водной поверхности. Это могут быть места гнездования редких птиц, места скоплений большого числа птиц на гнездовании или пролете. В Нижегородской области сейчас выявлено 86 таких территорий различного ранга — международного, федерального, областного. После дополнительного обследования еще ряд территорий может получить международный статус.</p>
<h4>Зачем это нужно?</h4>
<p>Выделение КОТР и сохранение в них благоприятных условий для обитания птиц — необходимое условие сохранения всего разнообразия орнитофауны и численности редких и уязвимых видов птиц. Ведение мониторинга в ключевых орнитологических территориях фактически обеспечивает мониторинг всего состояния орнитофауны области. Работа по выявлению и изучению КОТР позволит найти новые места обитания и установить численность редких видов птиц, собрать материал для ведения Красных книг Российской Федерации и Нижегородской области. От глаз орнитологов-любителей не укроется ни одно нарушение природоохранного законодательства. Поэтому любители птиц могут стать серьезной силой, охраняющей природу.</p>
<h4>Как можно в этом участвовать?</h4>
<ul>
<li>Проводить наблюдения в близлежащих КОТР, составлять списки живущих там птиц и оценивать их численность — для большинства КОТР Нижегородской области полные видовые списки еще не составлены.</li>
<li>Сообщать в Нижегородское отделение СОПР о случаях возникновения какой-либо угрозы для ключевых орнитологических территорий в вашей местности.</li>
<li>ообщать Нижегородскому отделению СОПР об интересных находках: больших скоплениях птиц, гнездах крупных хищных птиц, встречах редких или ранее Вам неизвестных птиц.</li>
<li>Рассказать Вашим соседям — сельским жителям и горожанам и ценности ключевых орнитологических территорий, расположенных поблизости, об их роли в жизни птиц.</li>
<li>При необходимости создать группу поддержки ключевых орнитологических территорий и проводить кампании в печати в защиту таких территорий.</li>
</ul>
",birds-territ,none,birds-territ.png,0,"СОПР,птицы,проекты",dront-sopr,dront-researches,"dront-birds,dront-oopt","http://dront.ru/files/publications/NK_2004_5.pdf,http://dront.ru/files/publications/NK_2004_3.pdf"
"Что мы делаем
",ornotologlab.txt,"ornotologlab-activity
",none,"ornotologlab-active.jpeg
",90,"орнитологическая лаборатория, деятельность",dront-ornotologlab,none,none,"http://dront.ru/files/orni-lab/Ornilab-report-2015.doc,http://dront.ru/files/reports/2014/Otchot-ornitolaboratorii-2014.doc,http://dront.ru/files/orni-lab/Orni-lab-report-2013.doc,http://dront.ru/files/orni-lab/orni-lab-report-2012.doc,http://dront.ru/files/orni-lab/orni-lab-report-2011.doc,http://dront.ru/files/orni-lab/orni-lab-report-2010.doc,http://dront.ru/files/orni-lab/orni-lab-report-2009.doc"
"Птицы и ЛЭП
","<p>Наша цель — защитить птиц, обитающих на охраняемых природных территориях, от поражения электрическим током воздушных линий электропередачи</p>
<p>Гибель на электролиниях широко распространена и повсеместно приводит к снижению численности многих редких и охраняемых видов птиц. Ежегодно только на территории России жертвами высокого напряжения становится более 7,5 миллионов их представителей.</p>
<p>Современные методы технической защиты позволяют исключить эту гибель. Достаточно оборудовать ЛЭП изолированным проводом, подземным кабелем или специальными птицезащитными устройствами – СПЗУ.</p>
<p>Опираясь на действующее Законодательство мы хотим добиться от владельцев электросетей выполнения необходимых защитных мероприятий.</p>",birds-lep,"none
",http://dront.ru/images/orni-lab/Page-illustrations/6.JPG,0,"орнитологическая лаборатория,защита птиц,птицы",dront-ornotologlab,dront-activist,dront-birds,"http://dront.ru/files/orni-lab/publications/LEP-2008.pdf,http://dront.ru/files/orni-lab/publications/LEP-2009.pdf,http://dront.ru/files/orni-lab/Ptizy-i-LEP/4. Results-negative.pdf,http://dront.ru/files/orni-lab/Ptizy-i-LEP/4.1. Nizhegorodskaya-obl.pdf,http://dront.ru/files/orni-lab/Ptizy-i-LEP/2015-04-23/Krasnodarsky-kray.pdf,http://dront.ru/files/orni-lab/Ptizy-i-LEP/2015-04-23/Republic-of-Kalmykiya.pdf,http://dront.ru/files/orni-lab/publications/raptors_conservation_2005.pdf,http://dront.ru/files/orni-lab/publications/raptors_conservation_2008_1.pdf,http://dront.ru/files/orni-lab/publications/raptors_conservation_2008_2.pdf,http://dront.ru/files/orni-lab/publications/raptors_conservation_2009.pdf,http://dront.ru/files/orni-lab/publications/raptors_conservation_2010.pdf,http://dront.ru/files/orni-lab/Ptizy-i-LEP/2015-V-zaschitu-krylatyh.pdf"
"Угрозы для птиц со стороны ЛЭП
",import | http://dront.ru/orni-lab/ptitsy-i-lep/ugrozy-lep/,ugrozy-lep,birds-lep,http://dront.ru/images/orni-lab/Page-illustrations/3.JPG,0,"орнитологическая лаборатория,защита птиц,птицы",dront-ornotologlab,none,none,"http://dront.ru/files/orni-lab/Ptizy-i-LEP/1. VL 06-10.pdf,http://dront.ru/files/orni-lab/Ptizy-i-LEP/2.VL 35-500.pdf,http://dront.ru/files/orni-lab/Ptizy-i-LEP/3. VL sviazi.pdf"
Законодательство РФ на страже интересов птиц,В ряде нормативно-правовых актов РФ закреплен порядок охраны птиц от поражения электрическим током,zakon-lep,birds-lep,http://dront.ru/images/orni-lab/Page-illustrations/7.JPG,0,"орнитологическая лаборатория,защита птиц,птицы,законодательство",dront-ornotologlab,none,none,"http://dront.ru/files/orni-lab/Ptizy-i-LEP/5. Federal-documents.pdf,http://dront.ru/files/orni-lab/Ptizy-i-LEP/Postanovleniye-gibel-zhivotnyh.pdf,http://dront.ru/images/orni-lab/Ptizy-i-LEP-NO.pdf,http://dront.ru/files/orni-lab/Ptizy-i-LEP/7. State-control-recomendations.pdf,http://dront.ru/files/orni-lab/Ptizy-i-LEP/7.1 ACT-of-test.pdf,http://dront.ru/files/orni-lab/Ptizy-i-LEP/2015-04-23/form.doc,http://dront.ru/files/orni-lab/Ptizy-i-LEP/2015-04-23/example.pdf,http://dront.ru/files/orni-lab/Ptizy-i-LEP/8. Technical-norms.pdf"
Методические рекомендации,"Методические  рекомендации  предназначены  для  выявления  и регистрации  фактов  нарушения  природоохранного  законодательства Российской Федерации при эксплуатации воздушных линий связи и электропередачи органами исполнительной власти, осуществляющими  государственный  контроль  за  соблюдением законодательства  в  области  охраны  и использования  объектов животного  мира,  охотничий  контроль  и  надзор,  общественными объединениями  и  гражданами,  осуществляющими  общественный экологический контроль. 
",metod-lep,birds-lep,http://dront.ru/images/orni-lab/Page-illustrations/1.jpg,0,"орнитологическая лаборатория,защита птиц,птицы",dront-ornotologlab,none,none,"http://dront.ru/files/orni-lab/Ptizy-i-LEP/9. Algorythm-of-assessment.pdf,http://dront.ru/files/orni-lab/Ptizy-i-LEP/Table-VLO6-10.pdf,http://dront.ru/files/orni-lab/Ptizy-i-LEP/Card-VL.pdf,http://dront.ru/files/orni-lab/Ptizy-i-LEP/9.3 Table-bones.pdf"
Работы по защите птиц,"<p>Работы по защите объектов животного мира на эксплуатируемых воздушных линиях электропередачи ВЛ 6-10 кВ продолжаются в подразделениях филиала ОАО «МРСК Центра и Приволжья» — «Нижновэнерго». В мае 2013 года на участках электролиний в Кстовском, Богородском и других районах Нижегородской области службами эксплуатации электросетей на наиболее опасных участках линий были установлены полимерные птицезащитные устройства ПЗУ, поставляемые ООО «ИТС». Преимущество современных ПЗУ заключается в том, что для обеспечения безопасности эксплуатируемой ВЛ 610 кВ не требуется выполнение сложных подготовительных работ – достаточно установить на штатных изоляторах электролинии защитные полимерные кожухи и гибель птиц на таком участке будет исключена.</p>
<p>Оборудование наиболее опасных участков ВЛ 6-10 кВ – результат многолетнего сотрудничества Филиала «Нижновэнерго» с орнитологической лабораторией НРОО «Экологический центр „Дронт“. В течение последних 10 лет, под эгидой Министерства экологии и природных ресурсов Нижегородской области, сотрудники лаборатории исследовали структуру электросетей региона. Впоследствии, на основе этих данных были составлены рекомендации, квалифицирующие степень опасности различных участков электросетей для объектов животного мира, прежде всего птиц. В категорию наиболее опасных входят участки ВЛ 6-10 кВ, расположенные в местах обитания редких и малочисленных птиц.</p>
<p>Используя информацию о расположении системы особо охраняемых природных территорий (ООПТ) Нижегородской области, ключевых орнитологических территорий России (КОТР) специалисты-орнитологи выделили большое число участков, которые требуют скорейшего переоборудования с использованием современных безопасных материалов и технологий. В общей сложности не менее четверти всех ВЛ 6-10 кВ в регионе отнесены к этой категории. Использование ПЗУ – не единственный способ снижения птицеопасности воздушных линий электропередачи. Перспективным так же является использование самонесущего изолированного провода (СИП) и прокладка электрических кабелей в грунте.</p>",birds-defender,birds-lep,http://dront.ru/images/orni-lab/Page-illustrations/2.JPG,0,"орнитологическая лаборатория,защита птиц,птицы",dront-ornotologlab,none,none,
Изучение миграций птиц,"Изучение миграций птиц является важным компонентом научной работы, которую ведет лаборатория",birds-migration,none,birds-migration.jpg,0,"орнитологическая лаборатория,исследования,птицы",dront-ornotologlab,dront-researches,dront-birds,"http://dront.ru/files/orni-lab/ornitofauna-ilovyh-polei.pdf,http://dront.ru/files/orni-lab/Migrations/Results-2014.pdf"
"ООПТ-Спасательный круг
",import | http://dront.ru/sk/,birds-krug,none,birds-krug.png,0,"орнитологическая лаборатория,защита птиц,птицы",dront-ornotologlab,dront-activist,"dront-birds,dront-oopt",
Что мы делаем,lawcenter.txt,lawcenter-activity,none,lawcenter-activity.jpg,90,"экоправо,юридический центр
",dront-lawcenter,none,"none
",none
"Защити свое право
","<p>Проект действует в рамках программы «Я ВПРАВЕ». Цель программы «Я ВПРАВЕ» – содействовать формированию у граждан навыков и умения самостоятельно защищать свои права и созданию условий, позволяющих гарантировать соблюдение прав граждан.</p>
<p>Основные задачи программы «Я ВПРАВЕ»:</p>
<ul>
<li>Содействовать повышению правовой грамотности населения в вопросах прав человека, социальных и гражданских прав и механизмов защиты этих прав.
<li>Способствовать  повышению эффективности российских правозащитных и других занимающихся вопросами прав граждан общественных организаций в их деятельности по развитию правовой грамотности населения и оказанию гражданам правовой помощи.</li>
<li>Способствовать сетевому взаимодействию и созданию коалиций правозащитных и других организаций гражданского общества, для объединения усилий местных сообществ по  соблюдению прав человека, социальных и гражданских прав, обмена опытом и информацией об успешных примерах защиты прав граждан и механизмах защиты этих прав.
<li>Способствовать сбору и широкому распространению информации об успешных примерах защиты прав граждан.</li>
<li>Оказывать поддержку конструктивному диалогу  правозащитных организаций с органами власти в разработке и внедрении механизмов предупреждения нарушения прав человека, а также в расширении эффективных путей защиты прав граждан.</li>
<li>Программа «Я ВПРАВЕ» осуществляется в четырех регионах России: Нижегородской, Новосибирской и Воронежской областях и в Пермском крае, при финансовой поддержке Агентства США по международному развитию (АМР США) и технической помощи компании «Менеджмент Системс Интернэшнл» (MSI).</li>
</ul>
<h4>Для чего нужен проект</h4>
<p>Строят под окнами автостоянку.... Вырубают во дворе деревья... Сбрасывают неочищенные стоки в реку... Планируют реализацию крупных, экологически опасных проектов.... Природа терпит.... Но ВЫ ТЕРПЕТЬ НЕ МОЖЕТЕ. ЧТО ДЕЛАТЬ? КАК БОРОТЬСЯ? КУДА ИДТИ, КОМУ ПИСАТЬ?</p>
<p>В соответствии со ст. 42 Конституции Российской Федерации каждый имеет право на благоприятную окружающую среду, достоверную информацию о ее состоянии и на возмещение ущерба, причиненного его здоровью или имуществу экологическим правонарушением.</p>
<p>Конституционное право на благоприятную окружающую среду может быть обеспечено только совместными усилиями государства и всего общества, в полной мере осознающими свою ответственность за решение возникающих в этой сфере проблем. Российское природоохранное законодательство предоставляет для таких усилий возможности. Главное - научиться их использовать с должной эффективностью и в приоритетном порядке.</p>
<p>Основной причиной того, что в большинстве случаев граждане, чьи экологические права были нарушены, не добиваются желаемого результата является их правовая безграмотность, незнание механизмов защиты своих прав</p>
<p>Проект «Защити свое право» нацелен на повышение правовой грамотности, а также защиту прав граждан и инициативных групп на благоприятную окружающую среду, оздоровление социальной и экологической обстановки в Нижегородской области.</p>
<h4>Как работает проект</h4>
<p>В рамках проекта создана <b>общественная приемная</b>, где будут проводиться бесплатные юридические консультации для жителей Нижнего Новгорода и Нижегородской области, чьи права на благоприятную окружающую среду нарушены. Приемная работает с 1 августа 2010 года.</p>
<p>Время работы приемной: с понедельника по пятницу с 9.00 — 18.00 (без обеда).</p>
<p>Телефон для записи на прием к юристу и консультаций: (831) 430 -15 -36</p>
<p>Наш юрист: Чеботарева Ольга Васильевна</p>
<p>Консультации по телефону: Чурочкина Анна Павловна</p>
<p>Посылать обращения можно и на электронный адрес:churochkina@dront.ru</p>","rights-defend
",none,"rights.jpg
",0,"экоправо,юридический центр,проекты",dront-lawcenter,dront-ecopravo,"none
",none
Юридическая клиника,"<p>Проект «Молодежь на защиту окружающей среды» направлен на защиту прав граждан на благоприятную окружающую среду, на информирование населения о нарушениях их прав посредством различных источников информации, а также на повышение уровня знаний студентов юридических ВУЗов, как теоретических, так и практических, в сфере экологического права для дальнейшей профессиональной работы в этой отрасли права на благо незащищенных слоев населения Нижегородской области.</p>
<p>В рамках проекта были отобраны студенты, которые под кураторством опытного юриста оказывают бесплатную юридическую помощь в области защиты прав граждан на благоприятную окружающую среду. Консультация граждан ведется на самом высоком профессиональном уровне как юристами, так и другими сотрудниками экоцентра «Дронт».</p>
<p>Обучение студентов — это одна из целей проекта, вторая же цель — это как можно больший охват граждан, чьи права на благоприятную среду обитания нарушены и их непосредственная защита.</p>
<p>Проектом охвачена территория города Нижнего Новгорода и вся Нижегородская область.</p>
<p>Консультация граждан проводится ежедневно с 9.00 до 18.00 по предварительной записи по телефонам: (831) 430-15-36, (831) 430-28-81.</p>",law-clinic,none,lawclinic.jpg,0,"экоправо,юридический центр,проекты",dront-lawcenter,dront-ecopravo,"none
",none
Что мы делаем,striks.txt,"striks-activity
",none,"striks-activity.jpg
",90,"центр стрикс,образование,деятельность",dront-striks,"none
","none
","http://dront.ru/files/strix/Strix-report-2015.doc,http://dront.ru/files/reports/2014/Otchot-2014-Strix.doc,http://dront.ru/files/strix/Strix-Report-2013.doc,http://dront.ru/files/strix/strix-report-2012.doc,http://dront.ru/files/strix/strix-report-2011.doc,http://dront.ru/files/strix/strix-report-2010.doc,http://dront.ru/files/strix/strix-report-2009.doc"
Отчеты 2002-2004 г.,"<p>1. Проведено 2 семинара для учителей города и области по вопросам педагогических технологий в сфере экологического образования (на базе Нижегородского общественного Фонда ""Открытый регион""); организаторы - Шустов С.Б., Орлов Е.В., октябрь-ноябрь 2003 г.</p>
<p>2. В рамках проекта РОЛЛ Института Устойчивых Сообществ ""Распространение опыта детской творческой экостудии ""Анима"" по экологическому просвещению населения"" проведено 5 открытых уроков для учителей города и области, а также 8 обучающих семинаров для педагогов во Владимирской, Псковской, Ярославской областях и Республиках Чувашия и Мордовия. Проект осуществляется Нижегородским Центром образовательных технологий с привлечением специалистов ИКЦ ""СТРИКС"" (Шустов С.Б., Орлов Е.В.).</p>
<p>3. Проведены 3 акции с участием детей (""Спасем бельков!"" и ""Внимание, черепаха"") в школах ╧ 35, 117 и школе им. Островского для слабовидящих детей.</p>
<p>4. Подготовлен, издан и распространен по школам города и области ""Атлас животных Нижегородской области для детей"" (авторы Шустов С.Б., Ткачев К.Н., Каюмов А.А.; Н.Новгород, изд-во ""Литера"", 2002, С. 116). </p>",striks-report,"striks-activity
",striks-report.jpg,0,"центр стрикс,образование,деятельность",dront-striks,"none
","none
",none
"Проекты центра
",import | http://dront.ru/old/strix/strix-3.ru.html,striks-projects,"none
","NEED
",0,"центр стрикс,образование,деятельность",dront-striks,"none
","none
",none
Семинары и конференции,import | http://dront.ru/old/strix/strix-4.ru.html,striks-seminars,none,striks-seminars.jpg,0,"центр стрикс,образование,деятельность",dront-striks,"none
","none
",none
Что мы делаем,reptiles.txt,reptiles-activity,none,"http://dront.ru/images/nooar-photo-show/kavkazskaya-gaduka-big.jpg
",90,"общество охраны амфибий и рептилий,деятельность
",dront-reptiles,"none
","none
","http://dront.ru/files/nooar/NOOAR-report-2015.doc,http://dront.ru/files/reports/2014/Pestov-report-2014.doc,http://dront.ru/files/reports/2014/Pestov-report-2013.doc,http://dront.ru/files/nooar/nooar-report-2012.doc,http://dront.ru/files/nooar/nooar-report-2011.doc,http://dront.ru/files/nooar/nooar-report-2010.doc,http://dront.ru/files/nooar/nooar-report-2009.doc"
"Фотовыставка ""Амфибии и рептилии европейской части России и Казахстана""","import | http://dront.ru/nooar/photo-show/
",reptiles-photo,none,http://dront.ru/nooar/photo-show/kaspiyskiy-gekkon/,0,"общество охраны амфибий и рептилий,фото,фотостудия","dront-reptiles,dront-realworld",dront-publications,dront-rares,none
"Внимание черепаха
","<p>Проект «Внимание, черепаха!» реализуется Обществом охраны амфибий и рептилий, начиная с 2003 года, причем в 2004-2013 годах – при неизменной поддержке Международного Фонда защиты животных (IFAW).</p> 
<p>Цель проекта – создание условий для сохранения популяционного и подвидового разнообразия средиземноморской черепахи на Кавказе.</p>
",turtle,none,"http://dront.ru/nooar/photo-show/piskliviy-gekkonchik/
",0,"общество охраны амфибий и рептилий,охрана черепах
",dront-reptiles,"none
",dront-rares,none
"Что мы делаем
",jungle.txt,jungle-activity,none,jungle-activity.jpg,90,"центр джугли,деятельность
",dront-jungle,"none
","none
","http://dront.ru/files/jungle/Dgungli-otchot-2015.doc,http://dront.ru/files/reports/2014/Jungle-Report-2014.doc,http://dront.ru/files/jungle/Jungle Report 2013.doc,http://dront.ru/files/jungle/jungle-report-2012.doc,http://dront.ru/files/jungle/jungle-report-2011.doc,http://dront.ru/files/jungle/jungle-report-2010.doc,http://dront.ru/files/jungle/jungle-report-2009.doc"
"Что мы делаем
",folks.txt,folks-activity,none,folks-activity.jpg,90,"фольклорный клуб,деятельность
",dront-folks,"none
","none
","http://dront.ru/files/reports/2014/Otchot-folk-2014.doc,http://dront.ru/files/folklore-club/Folklore-club-report-2013.doc,http://dront.ru/files/folklore-club/folklore-report-2012.doc,http://dront.ru/files/folklore-club/folklore-report-2011.doc,http://dront.ru/files/folklore-club/folklore-report-2010.doc,http://dront.ru/files/folklore-club/folklore-report-2009.doc"
2014. Ярмарка экологических проектов,"<p>Акция была ориентирована на учащихся и преподавателей школ и других образовательных учреждений Нижегородской области.</p>
",eco-yarmarka-2014,none,eco-yarmarka2014.jpg,0,"фольклорный клуб,ярмарка,конкурс",dront-folks,"dront-education
","none
","http://dront.ru/files/competition/yarmarka-eco-projects/Protokol-itogi-2014.doc,http://dront.ru/files/competition/yarmarka-eco-projects/Polozheniye-Yarmarka-2014.doc,http://dront.ru/files/publications/yarmarka_best_works.pdf"
2012. Ярмарка экологических проектов,,eco-yarmarka-2012,none,eco-yarmarka.jpg,0,"фольклорный клуб,ярмарка,конкурс",dront-folks,"dront-education
","none
","http://dront.ru/files/competition/yarmarka-eco-projects/prikaz-2012.doc,http://dront.ru/files/competition/yarmarka-eco-projects/polozhenie-2012.doc,http://dront.ru/files/competition/yarmarka-eco-projects/itogi.doc"
"2013. Фотоконкурс ""Родная природа""","<p>С 21 августа по 30 сентября 2013 г. проводится межрегиональный фотоконкурс «Родная природа», который состоится благодаря финансовой поддержке ОАО «ЛУКОЙЛ“. К участию в конкурсе приглашаются жители Владимирской, Вологодской и Нижегородской областей, Республик Мордовия, Чувашия, Марий-Эл, а также сотрудники заповедников и национальных парков России и члены их семей. В каждой из 16 номинаций предусмотрено определение победителей из числа детей и подростков до 15 лет. По окончании конкурса работы победителей будут экспонироваться в Русском музее фотографии (г. Нижний Новгород) и ДК Нефтехимиков (г. Кстово Нижегородской области»). Работы победителей увидят тысячи людей! Все подробности о конкурсе размещены на сайте: www.dront.ru. По результатам конкурса будет напечатан фотоальбом-каталог, который получат все победители!</p>
<p>Организаторами конкурса фотографий «Родная природа» являются НРОО «Экологический центр „Дронт“ и ГБУК НО «Русский музей фотографии». Проведение конкурса поддержано компанией ОАО «ЛУКОЙЛ» в рамках ежегодного регионального конкурса социальных и культурных проектов.</p>
<p>Цель проведения конкурса – формирование воспитание чувства прекрасного и бережного отношения к Природе. «Мы охраняем только то, что любим». Эти слова могут стать эпиграфом фотоконкурса, ведь многие люди становятся защитниками природы, именно пережив сильные эмоции от соприкосновения с прекрасным и удивительным окружающим миром. Чем больше мы будем оберегать и защищать природу, тем больше вероятность, что наши дети тоже смогут любоваться ею.</p>
<p>С работами соискателей конкурса через сайт ознакомятся десятки тысяч людей. Тысячи людей смогут полюбоваться работами победителей, напечатанными на больших постерах и выставленных в трех залах Русского музея фотографии и прекрасных современных холлах ДК Нефтехимиков в г. Кстово, где жизнь десятков тысяч людей связана с деятельностью главного спонсора – ОАО «Лукойл».</p>","rodnaya-priroda
",none,"http://dront.ru/images/nooar-photo-show/sredizemnomorskaya-cherepaha-big.jpg
",0,"фотостудия,деятельность,конкурсы,фотоконкурсы",dront-realworld,dront-publications,none,"http://dront.ru/files/competition/photo-konkurs/polozhenie.doc,http://dront.ru/files/publications/albom.pdf"
"Фильмография студии ""Реальный мир""","<ol>
<li>Видеофильм ""С добром или….» (</span>проблемы лесного комплекса Республики Коми), 13 минут, ГТРК ""Коми гор», 1998, Реж. В.М. Титов, В.М. Ануфриев</li>
<li>Видеофильм ""Менам парма» (</span>моя тайга) (</span>о традиционном лесопользовании Республики Коми), 13 минут, ГТРК ""Коми гор», 1998, Реж. В.М. Ануфриев, В.М. Титов</li>
<li>Видеофильм ""Волшебный лес» (</span>фильм о&nbsp;структуре и&nbsp;функционировании девственных – никогда не&nbsp;рубившихся лесов), 13 минут, ГТРК ""Коми гор», 1999, Реж. В.М. Титов, В.М. Ануфриев</li>
<li>Видеофильм ""Последний остров» (</span>О девственных лесах Национального парка ""Югыд ва» и&nbsp;Печоро-Илычского заповедника), 13 минут, ГТРК ""Коми гор», 1999, Реж. В.М. Ануфриев, В.М. Титов</li>
<li>Видеофильм ""Промысел Водный» (</span>проблемы поселка, в&nbsp;котором в&nbsp;сталинские времена из&nbsp;минеральной воды добывали радий, а&nbsp;общая площадь радионуклидных загрязнений составила более 300 квадратных километров), 29 минут, ГТРК ""Коми гор», 2000, Реж. В.М. Ануфриев</li>
<li><a href=""http://dront.ru/real-world/lyagushka/"">Видеофильм ""Царевна-лягушка<wbr>» (</span>о нашем отношении к&nbsp;нелюбимым животным)</a>, 26 минут, студия ""Горизонт-НН», 2001, Реж. В.М. Ануфриев</li>
<li>Видеофильм ""В поисках Пустыни» (</span>дикая природа жемчужины Нижегородской области – системы карстовых Пустынских озер), 26 минут, студия ""Горизонт-НН», 2002, Реж. В.М. Ануфриев</li>
<li><a href=""http://dront.ru/real-world/ichalkovskiy-bor/"">Видеофильм ""Ичалковский бор» (</span>дикая природа жемчужины Нижегородской области – системы карстовых пещер и&nbsp;их&nbsp;обитателей – летучих мышей, змей и&nbsp;других животных)</a>, 26 минут, студия ""Горизонт-НН», 2002, Реж. В.М. Ануфриев</li>
<li><a href=""http://dront.ru/real-world/lesnye-ludi/"">Видеофильм ""Лесные люди» (</span>фильм о&nbsp;массиве уникальных южнотаежных лесах – широкотравных раменях)</a>, 26 минут, студия ""Горизонт-НН», 2002, Реж. А.Н. Романов, продюсер В.М. Ануфриев</li>
<li><a href=""http://dront.ru/real-world/kerzhenets/"">Видеофильм ""Керженец – река заповедная» (</span>фильм-путешеств<wbr>ие по&nbsp;заповедной реке Нижегородской области)</a>, 26 минут, студия ""Горизонт-НН», 2002, Реж. А.Н. Романов, продюсер В.М. Ануфриев</li>
<li>Видеофильм ""Срез» (</span>мы забыли проблемы Чернобыля и&nbsp;готовы натворить новые беды – считают герои фильма, прошедшие через Чернобыльскую катастрофу), 26 минут, студия ""Горизонт-НН», 2004, Реж. В.М. Ануфриев</li>
<li><a href=""http://dront.ru/real-world/cherepaha-1/"">Видеофильм ""Внимание, черепаха! Фильм первый: Низовья Волги»</a>, 13 минут, студия ""Горизонт-НН», 2006, Реж. В.М. Ануфриев</li>
<li><a href=""http://dront.ru/real-world/cherepaha-2/"">Видеофильм ""Внимание, черепаха! Фильм второй: Западный Кавказ»</a>, 13 минут, студия ""Горизонт-НН», 2007, Реж. В.М. Ануфриев</li>
<li><a href=""http://dront.ru/real-world/zemlya-agulov/"">Видеофильм ""Земля агулов»</a>, 45 минут, студия «Real</span> World Films», 2008, Реж. В.М. Ануфриев, операторы В.М. Ануфриев, Н.Г. Ануфриева</li>
<li><a href=""http://dront.ru/real-world/birds-and-city/"">Видеофильм ""Птицы и&nbsp;город» (</span>птицы волжской поймы под&nbsp;Нижним Новгородом)</a>, 26 минут, студия ""Горизонт-НН», 2009, Реж. Н.Г. Ануфриева, операторы В.М. Ануфриев, Н.Г. Ануфриева</li>
<li>Видеофильм ""Светлояр» (</span>о природе памятника природы федерального значения – озере Светлояр) 26 минут, студия «Real</span> World Films», (</span>в производстве), Реж. Н.Г. Ануфриева</li>
<li>Видеофильм ""Последнее море» (</span>фильм о&nbsp;животных Чебоксарского фодохранилища, подводные съемки) 26 минут, студия «Real</span> World Films», (</span>в производстве), Реж. В.М. Ануфриев</li>
</ol>

<b>Телепередачи:</b>
<ol>
<li>Тележурнал ""Природа», 60 часов, эфир – 1997-2000 гг., телеканал Коми гор</li>
<li>Телепередача ""Живая книга»&nbsp;— 55 выпусков, эфир – 2003-04 гг., Рамблер Телесеть, ТНТ</li>
</ol>",realworld-films,none,http://dront.ru/files/real-world/ichalkovskiy-bor/obl_ichalki_pustin.jpg,0,"фотостудия,фильмы",dront-realworld,dront-publications,none,none
"Фотоальбом «Имеретинская низменность (состояние природы)»
",import | http://dront.ru/real-world/imeretinka/,imeretinka,none,http://dront.ru/files/real-world/imeretinka/02.jpg,0,"фотостудия,фотоальбомы",dront-realworld,dront-publications,none,none
Фотоальбом «Фотогид по сочинскому дендрарию»,import | http://dront.ru/real-world/sochinskiy-photoguide/,sochinskiy,none,http://dront.ru/files/real-world/sochinskiy-photoguide/r03.jpg,0,"фотостудия,фотоальбомы",dront-realworld,dront-publications,none,none
Фотоальбом «Природа российского Прикаспия»,import | http://dront.ru/real-world/prikaspiy/,prikaspiy,none,http://dront.ru/files/real-world/prikaspiy/r18.jpg,0,"фотостудия,фотоальбомы",dront-realworld,dront-publications,none,none
Фотоальбом «Портреты природы Нижегородской области»,import | http://dront.ru/real-world/portrets-of-nn/,portrets-of-nn,none,http://dront.ru/files/real-world/portrets-of-nn/obl_vnutr.jpg,0,"фотостудия,фотоальбомы",dront-realworld,dront-publications,none,none
Природоохранный плакат «Весенние палы – беда России»,import | http://dront.ru/real-world/prirodoohranniy-plakat/,prirodoohranniy-plakat,none,http://dront.ru/files/real-world/prirodoohranniy-plakat/plakat.jpg,0,"фотостудия,фотоальбомы",dront-realworld,none,none,none
"О проблеме Чебоксарской ГЭС
",import | http://dront.ru/cheboksarskaya/about/,chebges-about,none,chebges-about.jpg,90,Чебоксарская ГЭС,dront-chebpotop,"none
",none,none
"Ролики против подъема уровня Чебоксарского водохранилища
","<p>Дружина охраны природы Нижегородского госуниверситета сняла ролики против подъема уровня Чебоксарского водохранилища:<p>
<p>https://www.youtube.com/watch?v=LrGIvX-Ke8g</p>
<p>https://www.youtube.com/watch?v=C_rAcFO319Q</p>
<p>https://www.youtube.com/watch?v=KRVSwZarw3w</p>","chebpotop-video
",none,"NEED
",0,"Чебоксарская ГЭС, видео
",dront-chebpotop,"none
",none,none
Круглый стол «Проблемы влияния плотин на реке Волга: экологические и социально-экономические аспекты»,import | http://dront.ru/cheboksarskaya/krugliy-stol/,chebges-plotin,none,"http://dront.ru/images/cheboksarskaya/cheboksarskaya_01.jpg
",0,"Чебоксарская ГЭС, круглый стол
",dront-chebpotop,"none
",none,none
"Круглый стол «Экологические и социально-экономические последствия подъема уровня Чебоксарского водохранилища до отметки 68 метров» (18 мая 2012, международный форум «Великие реки»)",import | http://dront.ru/cheboksarskaya/velikie-reki/,velikie-reki,none,"http://dront.ru/images/cheboksarskaya/cheboksarskaya_02.jpg
",0,"Чебоксарская ГЭС, круглый стол
",dront-chebpotop,"none
",none,none
Общественные слушания,"Общественные слушания по ОВОС в Нижнем Новгороде (14 июня 2012), Балахнинский район, Лысковский район,
слушания в общественной палате РФ","public-debates
",none,"public-debates.jpg
",0,"Чебоксарская ГЭС,общественные слушания,мнения
",dront-chebpotop,"none
",none,"http://dront.ru/files/cheboksarskaya/orehov.doc,http://dront.ru/files/cheboksarskaya/romanychev.doc,http://dront.ru/files/cheboksarskaya/monich.doc,http://dront.ru/files/cheboksarskaya/lipshits14-06.doc,http://dront.ru/files/cheboksarskaya/churazov14-06.doc,http://dront.ru/files/cheboksarskaya/polyakova14-06.doc,http://dront.ru/files/cheboksarskaya/ivanov-ovos-nn.doc,http://dront.ru/files/cheboksarskaya/balakhna-soldatov.doc,http://dront.ru/files/cheboksarskaya/balakhna-chikovitova.doc,http://dront.ru/files/cheboksarskaya/balakhna-orehov.doc,http://dront.ru/files/cheboksarskaya/rasskazova.doc,http://dront.ru/files/cheboksarskaya/ovos-na-avos.doc,http://dront.ru/files/cheboksarskaya/doklad-postnova.doc,http://dront.ru/files/cheboksarskaya/medvedeva-26-09-2012.ppt,http://dront.ru/files/cheboksarskaya/as_shein.doc,http://dront.ru/files/cheboksarskaya/v_orehov.doc,http://dront.ru/files/cheboksarskaya/d_levashov.ppt,http://dront.ru/files/cheboksarskaya/obrashenie_maslova.zip,http://dront.ru/files/cheboksarskaya/vpechatleniya_firsovoi.doc,http://dront.ru/files/cheboksarskaya/presentation_v_orehov.ppt,http://dront.ru/files/cheboksarskaya/ivanov_kachestvo_vod.doc,http://dront.ru/files/cheboksarskaya/ivanov_sotsialnie_posledstviya.doc,http://dront.ru/files/cheboksarskaya/l_polyakova.doc"
Высокие грунтовые воды,import | http://dront.ru/cheboksarskaya/2011-06-27/,vysok-vody,"public-debates
",mail-boxes.jpg,0,"Чебоксарская ГЭС,общественные слушания,мнения
",dront-chebpotop,"none
",none,"none
"
"Текст обращения, отправленного в МЧС Нижегородской области",import | http://dront.ru/cheboksarskaya/2011-04-15/,obrash-mchs,"public-debates
",mail-boxes.jpg,0,"Чебоксарская ГЭС,общественные слушания,мнения
",dront-chebpotop,"none
",none,"none
"
"Позиция Нижегородского правительства
",import | http://dront.ru/cheboksarskaya/2011-01-19/,nizh-pravit,"public-debates
",mail-boxes.jpg,0,"Чебоксарская ГЭС,общественные слушания,мнения
",dront-chebpotop,"none
",none,"none
"
Г-н Горшков пишет,import | http://dront.ru/cheboksarskaya/2010-10-22/,pishet-gorshkov,"public-debates
",mail-boxes.jpg,0,"Чебоксарская ГЭС,общественные слушания,мнения
",dront-chebpotop,"none
",none,"none
"
Вопросы и ответы,Вопросы по Проекту68 от Нижегородской области,"chebges-questions
",none,"chebges-questions.jpg
",0,"Чебоксарская ГЭС,общественные слушания,мнения
",dront-chebpotop,"none
",none,"http://dront.ru/files/cheboksarskaya/questions/1-217-part1.rar,http://dront.ru/files/cheboksarskaya/questions/1-217-part2.rar,http://dront.ru/files/cheboksarskaya/questions/1-217-part3.rar,http://dront.ru/files/cheboksarskaya/questions/1-217-part4.rar,http://dront.ru/files/cheboksarskaya/questions/1-217-part5.rar,http://dront.ru/files/cheboksarskaya/questions/1-217-part6.rar,http://dront.ru/files/cheboksarskaya/questions/ovs-dzerzhinsk.doc,http://dront.ru/files/cheboksarskaya/questions/ovos-dzerzhinsk-1-121.doc,http://dront.ru/files/cheboksarskaya/questions/ovos-dzerzhinsk-122-145.doc,http://dront.ru/files/cheboksarskaya/questions/voprosy_po_ovos_churazov.doc"
Цензура апологетов Чебпотопа,"В данном разделе мы будем размещать те посты, которые апологеты Чебпотопа удаляют со своих сайтов, созданных, якобы, для обсуждения темы.",chebges-cuts,none,chebges-cuts,0,"Чебоксарская ГЭС,мнения
",dront-chebpotop,"none
",none,"http://dront.ru/files/cheboksarskaya/censor/2013-07-01.doc,http://dront.ru/files/cheboksarskaya/censor/11.03.2013.doc,http://dront.ru/files/cheboksarskaya/censor/04-12-12.doc,http://dront.ru/files/cheboksarskaya/censor/01.12.12.doc,http://dront.ru/files/cheboksarskaya/censor/30-11-12.doc,http://dront.ru/files/cheboksarskaya/censor/28-11-12.doc,http://dront.ru/files/cheboksarskaya/censor/19-11-12.doc,http://dront.ru/files/cheboksarskaya/censor/28-06-12.doc,http://dront.ru/files/cheboksarskaya/censor/23-06-12.doc"
"Опубликованные фотоальбомы
","Фотоальбомы живой природы, растений, животных, птиц
","publications-albums
",none,http://dront.ru/images/nooar-photo-show/dlinnonogiy-scink-big.jpg,0,"фотоальбомы,фото,фото природы
","none
",dront-publications,none,"http://dront.ru/files/publications/klad-solnca.rar,http://dront.ru/files/publications/babochki-no.rar,http://dront.ru/files/publications/prikaspiy.rar,http://dront.ru/files/publications/portrety_prirody.rar,http://dront.ru/files/publications/kluch_v_zemlu_zamok-v-nebo.pdf,http://dront.ru/files/publications/albom.pdf,http://dront.ru/files/publications/13.12.30 Hischnyye Ptitsy.pdf,http://dront.ru/files/publications/13.12.31 Guseobraznyye ptitsy.pdf"
"2014. Фотоконкурс ""Портреты живой природы""",import | http://dront.ru/competition/portrety-prirody-2014/,"portrety-prirody
-2014",none,http://dront.ru/images/competition/nature-portraits/winners-2014/older/06.jpg,0,"конкусы,фотоконкурсы,фото,фото природы
","none
","dront-publications,dront-education",none,"http://dront.ru/files/competition/portrety-2014/polozhenie-14,proect.doc"
"2013. Фотоконкурс ""Портреты живой природы"" ",import | http://dront.ru/competition/nature-portrets/,"portrety-prirody
-2013",none,http://dront.ru/images/competition/nature-portraits/special_marks/45.JPG,0,"конкусы,фотоконкурсы,фото,фото природы
","none
","dront-publications,dront-education",none,http://dront.ru/files/competition/nature-portrets/polozhenie.doc
2013. Конкурс «Дожить до весны»,import | http://dront.ru/news/1117/,dozhit,none,http://dront.ru/images/competition/nature-portraits/special_marks/44.jpg,0,"конкурсы,птицы
","none
","dront-education
","dront-birds
","http://dront.ru/files/competition/dozhit-do-vesny/Polozheniye.docx,http://dront.ru/files/competition/dozhit-do-vesny/reg_forma_DV.docx"
2013. Конкурс «Природоохранное законодательство глазами молодежи» ,,zakon-molodezh,none,zakon-molodezh.jpg,0,"конкурсы
","none
","dront-education,dront-activist",none,"http://dront.ru/files/competition/prirodoohrannoye-zakonodatelstvo/Polozheniye.doc,http://dront.ru/files/competition/prirodoohrannoye-zakonodatelstvo/Sovety.doc,http://dront.ru/files/competition/prirodoohrannoye-zakonodatelstvo/Itogi.doc"
2013. Конкурс «Единые Дни Действий в защиту рек» ,"<p>Областной конкурс «Единые Дни Действий в защиту рек – 2013» проводится в соответствии с целевой программой Нижегородской области «Развитие системы обращения с отходами производства и потребления в Нижегородской области на  2009-2014 годы», утвержденной постановлением Правительства Нижегородской области от 6 марта 2009 года № 104.</p>
<p><b>Цель конкурса:</b> активизация практической деятельности населения по очистке берегов водных объектов от бытовых отходов, повышение экологической культуры населения в обращении с твердыми бытовыми отходами, привлечение внимания общества к проблеме мусора на реках и озерах, пропаганду отказа от использования одноразовой упаковки и предотвращения замусоривания берегов рек и озер. </p>
",edinye-dni,none,edinye-dni.jpg,0,"конкурсы
","none
","dront-education,dront-activist",none,"http://dront.ru/files/competition/edd-2013/polozhenie.doc,http://dront.ru/files/competition/edd-2013/reg-forma.doc,http://dront.ru/files/competition/edd-2013/inform-letter.doc"
2013. Пятый областной конкурс хранителей Ключевых орнитологических территорий ,,ornit-konurs-5,none,ornit-konurs-5.jpg,0,"конкурсы
","none
",none,"dront-birds,dront-oppt","http://dront.ru/files/competition/ornitological-territories/Pobediteli_KOTR.doc,http://dront.ru/files/competition/ornitological-territories/polozhenie.doc"
2013. Конкурс «Отходы в доходы»,import | http://dront.ru/competition/othody-v-dohody/,"othody-konkurs
",none,"http://dront.ru/images/competition/othody_v_dohody/43.jpg
",0,"конкурсы
","none
","dront-education
",dront-garbage,"http://dront.ru/files/competition/othody-v-dohody/polozhenie.doc,http://dront.ru/files/competition/othody-v-dohody/osnovy-metodologii-proektirovaniya.doc"
2012. Конкурс методических разработок для проведения внеклассного занятия по теме раздельного сбора ТБО и проблемам в сфере обращения с отходами,import | http://dront.ru/competition/tbo/,tbo-konkurs,none,http://dront.ru/images/competition/tbo/IMG_0466.JPG,0,"конкурсы
","none
",none,dront-garbage,"http://dront.ru/files/competition/tbo/prikaz-2012.jpg,http://dront.ru/files/competition/tbo/polozhenie-2012.doc,http://dront.ru/files/competition/tbo/itogi.doc,http://dront.ru/files/competition/tbo/itog-prikaz.rar"
2012. Конкурс плакатов и видеороликов,import | http://dront.ru/competition/plakat/,plakat-konkurs,none,plakat-konkurs.jpg,0,"конкурсы
","none
","dront-publications
",none,"http://dront.ru/files/competition/plakat/polozhenie.doc,http://dront.ru/files/competition/plakat/itogi.doc"
2012. Марш парков на земле Нижегородской,,marsh-konkurs,none,marsh-konkurs.jpg,0,"конкурсы
","none
",dront-activist,dront-urban,"http://dront.ru/files/competition/marsh-parkov/pasport-ecotrop.doc,http://dront.ru/files/competition/marsh-parkov/pamyatka-ecoturistu.doc,http://dront.ru/files/competition/marsh-parkov/virtual-excursiya.doc,http://dront.ru/files/competition/marsh-parkov/itogi.doc"
2012. Конкурс «Вторая жизнь ненужных вещей»,,vtoraya-zhizn,none,vtoraya-zhizn.jpg,0,"конкурсы
","none
",dront-education,dront-garbage,"http://dront.ru/files/competition/vtoraya-zhizn-veshei/polozhenie.doc,http://dront.ru/files/competition/vtoraya-zhizn-veshei/spisok.doc,http://dront.ru/files/competition/vtoraya-zhizn-veshei/pobediteli.doc"