http://xn--56-6kchvgg0bfe4n5a.xn--p1ai/wp/;301;H_BOTH_EMPTY;http://tepnewlife.dev/
http://xn--56-6kchvgg0bfe4n5a.xn--p1ai/wp/?p=1488;301;H_NEW_EMPTY;http://tepnewlife.dev/
http://xn--56-6kchvgg0bfe4n5a.xn--p1ai/wp/?p=1495;301;H_NEW_EMPTY;http://tepnewlife.dev/
http://xn--56-6kchvgg0bfe4n5a.xn--p1ai/wp/?p=1594;301;H_NEW_EMPTY;http://tepnewlife.dev/
http://xn--56-6kchvgg0bfe4n5a.xn--p1ai/wp/?p=1605;301;H_NEW_EMPTY;http://tepnewlife.dev/
http://xn--56-6kchvgg0bfe4n5a.xn--p1ai/wp/?p=1615;301;H_NEW_EMPTY;http://tepnewlife.dev/
http://xn--56-6kchvgg0bfe4n5a.xn--p1ai/wp/about/442-fz/;301;H_DIFF;http://tepnewlife.dev/about-us/
http://xn--56-6kchvgg0bfe4n5a.xn--p1ai/wp/about/contakts/;301;H_DIFF;http://tepnewlife.dev/about-us/
http://xn--56-6kchvgg0bfe4n5a.xn--p1ai/wp/about/principy-ano-novaya-zhizn/;301;H_DIFF;http://tepnewlife.dev/about-us/
http://xn--56-6kchvgg0bfe4n5a.xn--p1ai/wp/o-nas/izmeneniya-v-ano-novaya-zhizn/;301;H_DIFF;http://tepnewlife.dev/about-us/
http://xn--56-6kchvgg0bfe4n5a.xn--p1ai/wp/o-nas/ya-otdam-vse-svoi-dengi-chtob-izobreli-lekarstvo/;301;H_DIFF;http://tepnewlife.dev/about-us/
http://xn--56-6kchvgg0bfe4n5a.xn--p1ai/wp/?p=102;301;H_DIFF;http://tepnewlife.dev/about-us/
http://xn--56-6kchvgg0bfe4n5a.xn--p1ai/wp/?p=1537;301;H_DIFF;http://tepnewlife.dev/about-us/
http://xn--56-6kchvgg0bfe4n5a.xn--p1ai/wp/?p=182;301;H_DIFF;http://tepnewlife.dev/about-us/
http://xn--56-6kchvgg0bfe4n5a.xn--p1ai/wp/?p=219;301;H_DIFF;http://tepnewlife.dev/about-us/
http://xn--56-6kchvgg0bfe4n5a.xn--p1ai/wp/about/;301;H_SAME;http://tepnewlife.dev/about-us/
http://xn--56-6kchvgg0bfe4n5a.xn--p1ai/wp/?p=39;301;H_SAME;http://tepnewlife.dev/about-us/
http://xn--56-6kchvgg0bfe4n5a.xn--p1ai/wp/tag/lechenie/;301;H_OLD_EMPTY;http://tepnewlife.dev/books/lechenie-vich-infektsii/
http://xn--56-6kchvgg0bfe4n5a.xn--p1ai/wp/tag/prover-sebya/;301;H_OLD_EMPTY;http://tepnewlife.dev/books/prover-sebya/
http://xn--56-6kchvgg0bfe4n5a.xn--p1ai/wp/tag/vich/;301;H_OLD_EMPTY;http://tepnewlife.dev/books/vich-beremennost-i-zdorove-zhenshhin/
http://xn--56-6kchvgg0bfe4n5a.xn--p1ai/wp/tag/vich-infektsiya/;301;H_OLD_EMPTY;http://tepnewlife.dev/books/vich-infektsiya-spid-globalnye-problemy-kotorye-kasayutsya-kazhdogo-vo-vsem-mire/
http://xn--56-6kchvgg0bfe4n5a.xn--p1ai/wp/author/admin/feed/;301;H_BOTH_EMPTY;http://tepnewlife.dev/feed/
http://xn--56-6kchvgg0bfe4n5a.xn--p1ai/wp/category/gruppa-vzaimopomoshhi-2/feed/;301;H_BOTH_EMPTY;http://tepnewlife.dev/feed/
http://xn--56-6kchvgg0bfe4n5a.xn--p1ai/wp/category/novosti/feed/;301;H_BOTH_EMPTY;http://tepnewlife.dev/feed/
http://xn--56-6kchvgg0bfe4n5a.xn--p1ai/wp/category/novosti/meropriyatiya/feed/;301;H_BOTH_EMPTY;http://tepnewlife.dev/feed/
http://xn--56-6kchvgg0bfe4n5a.xn--p1ai/wp/category/novosti/proekty/feed/;301;H_BOTH_EMPTY;http://tepnewlife.dev/feed/
http://xn--56-6kchvgg0bfe4n5a.xn--p1ai/wp/category/o-nas/feed/;301;H_BOTH_EMPTY;http://tepnewlife.dev/feed/
http://xn--56-6kchvgg0bfe4n5a.xn--p1ai/wp/category/pravo-na-zdorove/feed/;301;H_BOTH_EMPTY;http://tepnewlife.dev/feed/
http://xn--56-6kchvgg0bfe4n5a.xn--p1ai/wp/comments/feed/;301;H_BOTH_EMPTY;http://tepnewlife.dev/feed/
http://xn--56-6kchvgg0bfe4n5a.xn--p1ai/wp/feed/;301;H_BOTH_EMPTY;http://tepnewlife.dev/feed/
http://xn--56-6kchvgg0bfe4n5a.xn--p1ai/wp/gruppa-vzaimopomoshhi-2/9-i-16-avgusta-gruppy-ne-budet/feed/;301;H_BOTH_EMPTY;http://tepnewlife.dev/feed/
http://xn--56-6kchvgg0bfe4n5a.xn--p1ai/wp/gruppa-vzaimopomoshhi-2/gruppa-vzaimopomoshhi/feed/;301;H_BOTH_EMPTY;http://tepnewlife.dev/feed/
http://xn--56-6kchvgg0bfe4n5a.xn--p1ai/wp/gruppa-vzaimopomoshhi-2/idyom-v-poxod/feed/;301;H_BOTH_EMPTY;http://tepnewlife.dev/feed/
http://xn--56-6kchvgg0bfe4n5a.xn--p1ai/wp/gruppa-vzaimopomoshhi-2/ocherednaya-vstrecha-s-vrachom/feed/;301;H_BOTH_EMPTY;http://tepnewlife.dev/feed/
http://xn--56-6kchvgg0bfe4n5a.xn--p1ai/wp/gruppa-vzaimopomoshhi-2/plakat-obyavlenie-dlya-gruppy-vzaimopomoshhi/feed/;301;H_BOTH_EMPTY;http://tepnewlife.dev/feed/
http://xn--56-6kchvgg0bfe4n5a.xn--p1ai/wp/gruppa-vzaimopomoshhi-2/uchastnikov-gruppy-vzaimopomoshhi-pribavlyaetsya/feed/;301;H_BOTH_EMPTY;http://tepnewlife.dev/feed/
http://xn--56-6kchvgg0bfe4n5a.xn--p1ai/wp/gruppa-vzaimopomoshhi-2/vesyolye-starty-i-otlichnoe-nastroenie-v-eto-voskresene/feed/;301;H_BOTH_EMPTY;http://tepnewlife.dev/feed/
http://xn--56-6kchvgg0bfe4n5a.xn--p1ai/wp/gruppa-vzaimopomoshhi-2/vstrecha-s-vrachom-v-neformalnoj-obstanovke/feed/;301;H_BOTH_EMPTY;http://tepnewlife.dev/feed/
http://xn--56-6kchvgg0bfe4n5a.xn--p1ai/wp/gruppa-vzaimopomoshhi/otzyvy/feed/;301;H_BOTH_EMPTY;http://tepnewlife.dev/feed/
http://xn--56-6kchvgg0bfe4n5a.xn--p1ai/wp/novosti/ej-drug-ty-ne-smej-perezhivat/feed/;301;H_BOTH_EMPTY;http://tepnewlife.dev/feed/
http://xn--56-6kchvgg0bfe4n5a.xn--p1ai/wp/novosti/kazanskij-marafon/feed/;301;H_BOTH_EMPTY;http://tepnewlife.dev/feed/
http://xn--56-6kchvgg0bfe4n5a.xn--p1ai/wp/novosti/kazanskij-marafon-prover-sebya/feed/;301;H_BOTH_EMPTY;http://tepnewlife.dev/feed/
http://xn--56-6kchvgg0bfe4n5a.xn--p1ai/wp/novosti/meropriyatiya/blagotvoritelnyj-spektakl/feed/;301;H_BOTH_EMPTY;http://tepnewlife.dev/feed/
http://xn--56-6kchvgg0bfe4n5a.xn--p1ai/wp/novosti/meropriyatiya/stigma-i-samostigma/feed/;301;H_BOTH_EMPTY;http://tepnewlife.dev/feed/
http://xn--56-6kchvgg0bfe4n5a.xn--p1ai/wp/novosti/meropriyatiya/vsemirnyj-den-pamyati-zhertv-spida/feed/;301;H_BOTH_EMPTY;http://tepnewlife.dev/feed/
http://xn--56-6kchvgg0bfe4n5a.xn--p1ai/wp/novosti/obyavlenie/feed/;301;H_BOTH_EMPTY;http://tepnewlife.dev/feed/
http://xn--56-6kchvgg0bfe4n5a.xn--p1ai/wp/novosti/pravo-rebenka-na-profilaktiku-i-lechenie-vich-infekcii/feed/;301;H_BOTH_EMPTY;http://tepnewlife.dev/feed/
http://xn--56-6kchvgg0bfe4n5a.xn--p1ai/wp/novosti/shkola-pacienta/feed/;301;H_BOTH_EMPTY;http://tepnewlife.dev/feed/
http://xn--56-6kchvgg0bfe4n5a.xn--p1ai/wp/novosti/u-menya-vich-obnimi-menya-podderzhi/feed/;301;H_BOTH_EMPTY;http://tepnewlife.dev/feed/
http://xn--56-6kchvgg0bfe4n5a.xn--p1ai/wp/novosti/vebinar-po-reproduktivnomu-zdorovyu/feed/;301;H_BOTH_EMPTY;http://tepnewlife.dev/feed/
http://xn--56-6kchvgg0bfe4n5a.xn--p1ai/wp/novosti/vnimanie/feed/;301;H_BOTH_EMPTY;http://tepnewlife.dev/feed/
http://xn--56-6kchvgg0bfe4n5a.xn--p1ai/wp/o-nas/izmeneniya-v-ano-novaya-zhizn/feed/;301;H_BOTH_EMPTY;http://tepnewlife.dev/feed/
http://xn--56-6kchvgg0bfe4n5a.xn--p1ai/wp/o-nas/u-nas-budet-novyj-sajt/feed/;301;H_BOTH_EMPTY;http://tepnewlife.dev/feed/
http://xn--56-6kchvgg0bfe4n5a.xn--p1ai/wp/o-nas/ya-otdam-vse-svoi-dengi-chtob-izobreli-lekarstvo/feed/;301;H_BOTH_EMPTY;http://tepnewlife.dev/feed/
http://xn--56-6kchvgg0bfe4n5a.xn--p1ai/wp/pravo-na-zdorove/molchanie-vredit-vashemu-zdorovyu/feed/;301;H_BOTH_EMPTY;http://tepnewlife.dev/feed/
http://xn--56-6kchvgg0bfe4n5a.xn--p1ai/wp/pravo-na-zdorove/shkola-pacienta-po-virusnym-gepatitam-v-i-s/feed/;301;H_BOTH_EMPTY;http://tepnewlife.dev/feed/
http://xn--56-6kchvgg0bfe4n5a.xn--p1ai/wp/pravo-na-zdorove/xotim-stat-roditelyami-zachatie-i-beremennost-v-diskordantnyx-i-vich-pozitivnyx-parax/feed/;301;H_BOTH_EMPTY;http://tepnewlife.dev/feed/
http://xn--56-6kchvgg0bfe4n5a.xn--p1ai/wp/pravo-na-zdorove/zhenshhiny-i-tuberkulez-kontracepciya-beremennost-vich/feed/;301;H_BOTH_EMPTY;http://tepnewlife.dev/feed/
http://xn--56-6kchvgg0bfe4n5a.xn--p1ai/wp/pravo-na-zdorove/zhenskie-sekrety/feed/;301;H_BOTH_EMPTY;http://tepnewlife.dev/feed/
http://xn--56-6kchvgg0bfe4n5a.xn--p1ai/wp/proekty/feed/;301;H_BOTH_EMPTY;http://tepnewlife.dev/feed/
http://xn--56-6kchvgg0bfe4n5a.xn--p1ai/wp/tag/arvt/feed/;301;H_BOTH_EMPTY;http://tepnewlife.dev/feed/
http://xn--56-6kchvgg0bfe4n5a.xn--p1ai/wp/tag/deti/feed/;301;H_BOTH_EMPTY;http://tepnewlife.dev/feed/
http://xn--56-6kchvgg0bfe4n5a.xn--p1ai/wp/tag/epidemiya/feed/;301;H_BOTH_EMPTY;http://tepnewlife.dev/feed/
http://xn--56-6kchvgg0bfe4n5a.xn--p1ai/wp/tag/foto/feed/;301;H_BOTH_EMPTY;http://tepnewlife.dev/feed/
http://xn--56-6kchvgg0bfe4n5a.xn--p1ai/wp/tag/gepatit/feed/;301;H_BOTH_EMPTY;http://tepnewlife.dev/feed/
http://xn--56-6kchvgg0bfe4n5a.xn--p1ai/wp/tag/gruppa-vzaimopomoshhi/feed/;301;H_BOTH_EMPTY;http://tepnewlife.dev/feed/
http://xn--56-6kchvgg0bfe4n5a.xn--p1ai/wp/tag/kazan/feed/;301;H_BOTH_EMPTY;http://tepnewlife.dev/feed/
http://xn--56-6kchvgg0bfe4n5a.xn--p1ai/wp/tag/kazanskij-marafon/feed/;301;H_BOTH_EMPTY;http://tepnewlife.dev/feed/
http://xn--56-6kchvgg0bfe4n5a.xn--p1ai/wp/tag/krasnaya-lenta/feed/;301;H_BOTH_EMPTY;http://tepnewlife.dev/feed/
http://xn--56-6kchvgg0bfe4n5a.xn--p1ai/wp/tag/krasnoj/feed/;301;H_BOTH_EMPTY;http://tepnewlife.dev/feed/
http://xn--56-6kchvgg0bfe4n5a.xn--p1ai/wp/tag/kushkul/feed/;301;H_BOTH_EMPTY;http://tepnewlife.dev/feed/
http://xn--56-6kchvgg0bfe4n5a.xn--p1ai/wp/tag/lechenie/feed/;301;H_BOTH_EMPTY;http://tepnewlife.dev/feed/
http://xn--56-6kchvgg0bfe4n5a.xn--p1ai/wp/tag/lekarstva/feed/;301;H_BOTH_EMPTY;http://tepnewlife.dev/feed/
http://xn--56-6kchvgg0bfe4n5a.xn--p1ai/wp/tag/lyudi/feed/;301;H_BOTH_EMPTY;http://tepnewlife.dev/feed/
http://xn--56-6kchvgg0bfe4n5a.xn--p1ai/wp/tag/marafon/feed/;301;H_BOTH_EMPTY;http://tepnewlife.dev/feed/
http://xn--56-6kchvgg0bfe4n5a.xn--p1ai/wp/tag/masshtab/feed/;301;H_BOTH_EMPTY;http://tepnewlife.dev/feed/
http://xn--56-6kchvgg0bfe4n5a.xn--p1ai/wp/tag/novayazhizn56/feed/;301;H_BOTH_EMPTY;http://tepnewlife.dev/feed/
http://xn--56-6kchvgg0bfe4n5a.xn--p1ai/wp/tag/novaya-zhizn/feed/;301;H_BOTH_EMPTY;http://tepnewlife.dev/feed/
http://xn--56-6kchvgg0bfe4n5a.xn--p1ai/wp/tag/orenburg/feed/;301;H_BOTH_EMPTY;http://tepnewlife.dev/feed/
http://xn--56-6kchvgg0bfe4n5a.xn--p1ai/wp/tag/organizatsiya/feed/;301;H_BOTH_EMPTY;http://tepnewlife.dev/feed/
http://xn--56-6kchvgg0bfe4n5a.xn--p1ai/wp/tag/pereboi/feed/;301;H_BOTH_EMPTY;http://tepnewlife.dev/feed/
http://xn--56-6kchvgg0bfe4n5a.xn--p1ai/wp/tag/podrostki/feed/;301;H_BOTH_EMPTY;http://tepnewlife.dev/feed/
http://xn--56-6kchvgg0bfe4n5a.xn--p1ai/wp/tag/profilaktika/feed/;301;H_BOTH_EMPTY;http://tepnewlife.dev/feed/
http://xn--56-6kchvgg0bfe4n5a.xn--p1ai/wp/tag/prover-sebya/feed/;301;H_BOTH_EMPTY;http://tepnewlife.dev/feed/
http://xn--56-6kchvgg0bfe4n5a.xn--p1ai/wp/tag/sajt/feed/;301;H_BOTH_EMPTY;http://tepnewlife.dev/feed/
http://xn--56-6kchvgg0bfe4n5a.xn--p1ai/wp/tag/seminary/feed/;301;H_BOTH_EMPTY;http://tepnewlife.dev/feed/
http://xn--56-6kchvgg0bfe4n5a.xn--p1ai/wp/tag/shkola/feed/;301;H_BOTH_EMPTY;http://tepnewlife.dev/feed/
http://xn--56-6kchvgg0bfe4n5a.xn--p1ai/wp/tag/shkoly/feed/;301;H_BOTH_EMPTY;http://tepnewlife.dev/feed/
http://xn--56-6kchvgg0bfe4n5a.xn--p1ai/wp/tag/spid/feed/;301;H_BOTH_EMPTY;http://tepnewlife.dev/feed/
http://xn--56-6kchvgg0bfe4n5a.xn--p1ai/wp/tag/ucheniki/feed/;301;H_BOTH_EMPTY;http://tepnewlife.dev/feed/
http://xn--56-6kchvgg0bfe4n5a.xn--p1ai/wp/tag/urok/feed/;301;H_BOTH_EMPTY;http://tepnewlife.dev/feed/
http://xn--56-6kchvgg0bfe4n5a.xn--p1ai/wp/tag/vich/feed/;301;H_BOTH_EMPTY;http://tepnewlife.dev/feed/
http://xn--56-6kchvgg0bfe4n5a.xn--p1ai/wp/tag/vich-infektsiya/feed/;301;H_BOTH_EMPTY;http://tepnewlife.dev/feed/
http://xn--56-6kchvgg0bfe4n5a.xn--p1ai/wp/tag/vich-pozitivnyh/feed/;301;H_BOTH_EMPTY;http://tepnewlife.dev/feed/
http://xn--56-6kchvgg0bfe4n5a.xn--p1ai/wp/tag/zdorove/feed/;301;H_BOTH_EMPTY;http://tepnewlife.dev/feed/
http://xn--56-6kchvgg0bfe4n5a.xn--p1ai/wp/tag/zhenskoe/feed/;301;H_BOTH_EMPTY;http://tepnewlife.dev/feed/
http://xn--56-6kchvgg0bfe4n5a.xn--p1ai/wp/tag/zhizn/feed/;301;H_BOTH_EMPTY;http://tepnewlife.dev/feed/
http://xn--56-6kchvgg0bfe4n5a.xn--p1ai/wp/pravo-na-zdorove/adresa/;301;H_DIFF;http://tepnewlife.dev/health-rights/
http://xn--56-6kchvgg0bfe4n5a.xn--p1ai/wp/pravo-na-zdorove/dispanserizatsiya/;301;H_DIFF;http://tepnewlife.dev/health-rights/
http://xn--56-6kchvgg0bfe4n5a.xn--p1ai/wp/pravo-na-zdorove/gepatit/;301;H_DIFF;http://tepnewlife.dev/health-rights/
http://xn--56-6kchvgg0bfe4n5a.xn--p1ai/wp/pravo-na-zdorove/lechenie-arvt/;301;H_DIFF;http://tepnewlife.dev/health-rights/
http://xn--56-6kchvgg0bfe4n5a.xn--p1ai/wp/pravo-na-zdorove/materinstvo/;301;H_DIFF;http://tepnewlife.dev/health-rights/
http://xn--56-6kchvgg0bfe4n5a.xn--p1ai/wp/pravo-na-zdorove/posle-mls/;301;H_DIFF;http://tepnewlife.dev/health-rights/
http://xn--56-6kchvgg0bfe4n5a.xn--p1ai/wp/pravo-na-zdorove/tajna-diagnoza/;301;H_DIFF;http://tepnewlife.dev/health-rights/
http://xn--56-6kchvgg0bfe4n5a.xn--p1ai/wp/pravo-na-zdorove/tuberkulyoz/;301;H_DIFF;http://tepnewlife.dev/health-rights/
http://xn--56-6kchvgg0bfe4n5a.xn--p1ai/wp/pravo-na-zdorove/zhenskie-sekrety/;301;H_DIFF;http://tepnewlife.dev/health-rights/
http://xn--56-6kchvgg0bfe4n5a.xn--p1ai/wp/pravo-na-zdorove/;301;H_SAME;http://tepnewlife.dev/health-rights/
http://xn--56-6kchvgg0bfe4n5a.xn--p1ai/wp/?p=111;301;H_DIFF;http://tepnewlife.dev/item/books/
http://xn--56-6kchvgg0bfe4n5a.xn--p1ai/wp/?p=100;301;H_DIFF;http://tepnewlife.dev/item/co-infections/
http://xn--56-6kchvgg0bfe4n5a.xn--p1ai/wp/?p=98;301;H_DIFF;http://tepnewlife.dev/item/co-infections/
http://xn--56-6kchvgg0bfe4n5a.xn--p1ai/wp/gruppa-vzaimopomoshhi/znakomstva/;301;H_DIFF;http://tepnewlife.dev/item/dating/
http://xn--56-6kchvgg0bfe4n5a.xn--p1ai/wp/?p=104;301;H_DIFF;http://tepnewlife.dev/item/dating/
http://xn--56-6kchvgg0bfe4n5a.xn--p1ai/wp/?p=106;301;H_SAME;http://tepnewlife.dev/item/diagnosis-privacy/
http://xn--56-6kchvgg0bfe4n5a.xn--p1ai/wp/?p=1400;301;H_DIFF;http://tepnewlife.dev/item/events-results/december-day-2008/
http://xn--56-6kchvgg0bfe4n5a.xn--p1ai/wp/proekty/1-dekabrya-2008-goda/;301;H_DIFF;http://tepnewlife.dev/item/events-results/december-day-2008/
http://xn--56-6kchvgg0bfe4n5a.xn--p1ai/wp/?p=119;301;H_DIFF;http://tepnewlife.dev/item/events-results/memory-day-2009/
http://xn--56-6kchvgg0bfe4n5a.xn--p1ai/wp/proekty/meropriyatiya/;301;H_DIFF;http://tepnewlife.dev/item/events-results/memory-day-2009/
http://xn--56-6kchvgg0bfe4n5a.xn--p1ai/wp/?p=1241;301;H_DIFF;http://tepnewlife.dev/item/forum-patients/
http://xn--56-6kchvgg0bfe4n5a.xn--p1ai/wp/proekty/forum-soobshhestva-pacientov-s-vich/;301;H_DIFF;http://tepnewlife.dev/item/forum-patients/
http://xn--56-6kchvgg0bfe4n5a.xn--p1ai/wp/?p=46;301;H_SAME;http://tepnewlife.dev/item/health-rights/
http://xn--56-6kchvgg0bfe4n5a.xn--p1ai/wp/?p=108;301;H_DIFF;http://tepnewlife.dev/item/pregnancy/
http://xn--56-6kchvgg0bfe4n5a.xn--p1ai/wp/?p=96;301;H_DIFF;http://tepnewlife.dev/item/pregnancy/
http://xn--56-6kchvgg0bfe4n5a.xn--p1ai/wp/gruppa-vzaimopomoshhi/kopilka/;301;H_DIFF;http://tepnewlife.dev/item/support-group/group-finance/
http://xn--56-6kchvgg0bfe4n5a.xn--p1ai/wp/?p=194;301;H_DIFF;http://tepnewlife.dev/item/support-group/group-finance/
http://xn--56-6kchvgg0bfe4n5a.xn--p1ai/wp/gruppa-vzaimopomoshhi/statistika/;301;H_DIFF;http://tepnewlife.dev/item/support-group/group-stat/
http://xn--56-6kchvgg0bfe4n5a.xn--p1ai/wp/?p=286;301;H_DIFF;http://tepnewlife.dev/item/support-group/group-stat/
http://xn--56-6kchvgg0bfe4n5a.xn--p1ai/wp/gruppa-vzaimopomoshhi/otzyvy/;301;H_DIFF;http://tepnewlife.dev/item/support-group/group-testimonials/
http://xn--56-6kchvgg0bfe4n5a.xn--p1ai/wp/gruppa-vzaimopomoshhi/otzyvy/?replytocom=60;301;H_DIFF;http://tepnewlife.dev/item/support-group/group-testimonials/
http://xn--56-6kchvgg0bfe4n5a.xn--p1ai/wp/?p=222;301;H_DIFF;http://tepnewlife.dev/item/support-group/group-testimonials/
http://xn--56-6kchvgg0bfe4n5a.xn--p1ai/wp/?p=114;301;H_DIFF;http://tepnewlife.dev/item/therapy/
http://xn--56-6kchvgg0bfe4n5a.xn--p1ai/wp/about/nashi-partnyory/;301;H_SAME;http://tepnewlife.dev/nashi-partnyory/
http://xn--56-6kchvgg0bfe4n5a.xn--p1ai/wp/?p=117;301;H_SAME;http://tepnewlife.dev/nashi-partnyory/
http://xn--56-6kchvgg0bfe4n5a.xn--p1ai/wp/author/admin/;301;H_BOTH_EMPTY;http://tepnewlife.dev/news/
http://xn--56-6kchvgg0bfe4n5a.xn--p1ai/wp/author/admin/page/1/;301;H_BOTH_EMPTY;http://tepnewlife.dev/news/
http://xn--56-6kchvgg0bfe4n5a.xn--p1ai/wp/author/admin/page/2/;301;H_BOTH_EMPTY;http://tepnewlife.dev/news/
http://xn--56-6kchvgg0bfe4n5a.xn--p1ai/wp/author/admin/page/3/;301;H_BOTH_EMPTY;http://tepnewlife.dev/news/
http://xn--56-6kchvgg0bfe4n5a.xn--p1ai/wp/author/admin/page/4/;301;H_BOTH_EMPTY;http://tepnewlife.dev/news/
http://xn--56-6kchvgg0bfe4n5a.xn--p1ai/wp/author/admin/page/5/;301;H_BOTH_EMPTY;http://tepnewlife.dev/news/
http://xn--56-6kchvgg0bfe4n5a.xn--p1ai/wp/author/admin/page/6/;301;H_BOTH_EMPTY;http://tepnewlife.dev/news/
http://xn--56-6kchvgg0bfe4n5a.xn--p1ai/wp/category/gruppa-vzaimopomoshhi-2/;301;H_BOTH_EMPTY;http://tepnewlife.dev/news/
http://xn--56-6kchvgg0bfe4n5a.xn--p1ai/wp/category/gruppa-vzaimopomoshhi-2/page/1/;301;H_BOTH_EMPTY;http://tepnewlife.dev/news/
http://xn--56-6kchvgg0bfe4n5a.xn--p1ai/wp/category/gruppa-vzaimopomoshhi-2/page/2/;301;H_BOTH_EMPTY;http://tepnewlife.dev/news/
http://xn--56-6kchvgg0bfe4n5a.xn--p1ai/wp/category/novosti/;301;H_BOTH_EMPTY;http://tepnewlife.dev/news/
http://xn--56-6kchvgg0bfe4n5a.xn--p1ai/wp/category/novosti/meropriyatiya/;301;H_BOTH_EMPTY;http://tepnewlife.dev/news/
http://xn--56-6kchvgg0bfe4n5a.xn--p1ai/wp/category/novosti/meropriyatiya/page/1/;301;H_BOTH_EMPTY;http://tepnewlife.dev/news/
http://xn--56-6kchvgg0bfe4n5a.xn--p1ai/wp/category/novosti/meropriyatiya/page/2/;301;H_BOTH_EMPTY;http://tepnewlife.dev/news/
http://xn--56-6kchvgg0bfe4n5a.xn--p1ai/wp/category/novosti/meropriyatiya/page/3/;301;H_BOTH_EMPTY;http://tepnewlife.dev/news/
http://xn--56-6kchvgg0bfe4n5a.xn--p1ai/wp/category/novosti/meropriyatiya/page/4/;301;H_BOTH_EMPTY;http://tepnewlife.dev/news/
http://xn--56-6kchvgg0bfe4n5a.xn--p1ai/wp/category/novosti/page/1/;301;H_BOTH_EMPTY;http://tepnewlife.dev/news/
http://xn--56-6kchvgg0bfe4n5a.xn--p1ai/wp/category/novosti/page/2/;301;H_BOTH_EMPTY;http://tepnewlife.dev/news/
http://xn--56-6kchvgg0bfe4n5a.xn--p1ai/wp/category/novosti/page/3/;301;H_BOTH_EMPTY;http://tepnewlife.dev/news/
http://xn--56-6kchvgg0bfe4n5a.xn--p1ai/wp/category/novosti/page/4/;301;H_BOTH_EMPTY;http://tepnewlife.dev/news/
http://xn--56-6kchvgg0bfe4n5a.xn--p1ai/wp/category/novosti/page/5/;301;H_BOTH_EMPTY;http://tepnewlife.dev/news/
http://xn--56-6kchvgg0bfe4n5a.xn--p1ai/wp/category/novosti/page/6/;301;H_BOTH_EMPTY;http://tepnewlife.dev/news/
http://xn--56-6kchvgg0bfe4n5a.xn--p1ai/wp/category/novosti/proekty/;301;H_BOTH_EMPTY;http://tepnewlife.dev/news/
http://xn--56-6kchvgg0bfe4n5a.xn--p1ai/wp/category/o-nas/;301;H_BOTH_EMPTY;http://tepnewlife.dev/news/
http://xn--56-6kchvgg0bfe4n5a.xn--p1ai/wp/category/pravo-na-zdorove/;301;H_BOTH_EMPTY;http://tepnewlife.dev/news/
http://xn--56-6kchvgg0bfe4n5a.xn--p1ai/wp/tag/arvt/;301;H_BOTH_EMPTY;http://tepnewlife.dev/news/
http://xn--56-6kchvgg0bfe4n5a.xn--p1ai/wp/tag/deti/;301;H_BOTH_EMPTY;http://tepnewlife.dev/news/
http://xn--56-6kchvgg0bfe4n5a.xn--p1ai/wp/tag/epidemiya/;301;H_BOTH_EMPTY;http://tepnewlife.dev/news/
http://xn--56-6kchvgg0bfe4n5a.xn--p1ai/wp/tag/foto/;301;H_BOTH_EMPTY;http://tepnewlife.dev/news/
http://xn--56-6kchvgg0bfe4n5a.xn--p1ai/wp/tag/gepatit/;301;H_BOTH_EMPTY;http://tepnewlife.dev/news/
http://xn--56-6kchvgg0bfe4n5a.xn--p1ai/wp/tag/krasnaya-lenta/;301;H_BOTH_EMPTY;http://tepnewlife.dev/news/
http://xn--56-6kchvgg0bfe4n5a.xn--p1ai/wp/tag/krasnoj/;301;H_BOTH_EMPTY;http://tepnewlife.dev/news/
http://xn--56-6kchvgg0bfe4n5a.xn--p1ai/wp/tag/kushkul/;301;H_BOTH_EMPTY;http://tepnewlife.dev/news/
http://xn--56-6kchvgg0bfe4n5a.xn--p1ai/wp/tag/lekarstva/;301;H_BOTH_EMPTY;http://tepnewlife.dev/news/
http://xn--56-6kchvgg0bfe4n5a.xn--p1ai/wp/tag/lyudi/;301;H_BOTH_EMPTY;http://tepnewlife.dev/news/
http://xn--56-6kchvgg0bfe4n5a.xn--p1ai/wp/tag/marafon/;301;H_BOTH_EMPTY;http://tepnewlife.dev/news/
http://xn--56-6kchvgg0bfe4n5a.xn--p1ai/wp/tag/masshtab/;301;H_BOTH_EMPTY;http://tepnewlife.dev/news/
http://xn--56-6kchvgg0bfe4n5a.xn--p1ai/wp/tag/novaya-zhizn/;301;H_BOTH_EMPTY;http://tepnewlife.dev/news/
http://xn--56-6kchvgg0bfe4n5a.xn--p1ai/wp/tag/novayazhizn56/;301;H_BOTH_EMPTY;http://tepnewlife.dev/news/
http://xn--56-6kchvgg0bfe4n5a.xn--p1ai/wp/tag/orenburg/;301;H_BOTH_EMPTY;http://tepnewlife.dev/news/
http://xn--56-6kchvgg0bfe4n5a.xn--p1ai/wp/tag/organizatsiya/;301;H_BOTH_EMPTY;http://tepnewlife.dev/news/
http://xn--56-6kchvgg0bfe4n5a.xn--p1ai/wp/tag/pereboi/;301;H_BOTH_EMPTY;http://tepnewlife.dev/news/
http://xn--56-6kchvgg0bfe4n5a.xn--p1ai/wp/tag/podrostki/;301;H_BOTH_EMPTY;http://tepnewlife.dev/news/
http://xn--56-6kchvgg0bfe4n5a.xn--p1ai/wp/tag/profilaktika/;301;H_BOTH_EMPTY;http://tepnewlife.dev/news/
http://xn--56-6kchvgg0bfe4n5a.xn--p1ai/wp/tag/sajt/;301;H_BOTH_EMPTY;http://tepnewlife.dev/news/
http://xn--56-6kchvgg0bfe4n5a.xn--p1ai/wp/tag/seminary/;301;H_BOTH_EMPTY;http://tepnewlife.dev/news/
http://xn--56-6kchvgg0bfe4n5a.xn--p1ai/wp/tag/shkoly/;301;H_BOTH_EMPTY;http://tepnewlife.dev/news/
http://xn--56-6kchvgg0bfe4n5a.xn--p1ai/wp/tag/spid/;301;H_BOTH_EMPTY;http://tepnewlife.dev/news/
http://xn--56-6kchvgg0bfe4n5a.xn--p1ai/wp/tag/ucheniki/;301;H_BOTH_EMPTY;http://tepnewlife.dev/news/
http://xn--56-6kchvgg0bfe4n5a.xn--p1ai/wp/tag/urok/;301;H_BOTH_EMPTY;http://tepnewlife.dev/news/
http://xn--56-6kchvgg0bfe4n5a.xn--p1ai/wp/tag/vich-pozitivnyh/;301;H_BOTH_EMPTY;http://tepnewlife.dev/news/
http://xn--56-6kchvgg0bfe4n5a.xn--p1ai/wp/tag/zdorove/;301;H_BOTH_EMPTY;http://tepnewlife.dev/news/
http://xn--56-6kchvgg0bfe4n5a.xn--p1ai/wp/tag/zhenskoe/;301;H_BOTH_EMPTY;http://tepnewlife.dev/news/
http://xn--56-6kchvgg0bfe4n5a.xn--p1ai/wp/tag/zhizn/;301;H_BOTH_EMPTY;http://tepnewlife.dev/news/
http://xn--56-6kchvgg0bfe4n5a.xn--p1ai/wp/novosti/meropriyatiya/blagotvoritelnyj-spektakl/;301;H_NEW_EMPTY;http://tepnewlife.dev/news/
http://xn--56-6kchvgg0bfe4n5a.xn--p1ai/wp/novosti/meropriyatiya/stigma-i-samostigma/;301;H_NEW_EMPTY;http://tepnewlife.dev/news/
http://xn--56-6kchvgg0bfe4n5a.xn--p1ai/wp/novosti/pravo-rebenka-na-profilaktiku-i-lechenie-vich-infekcii/;301;H_NEW_EMPTY;http://tepnewlife.dev/news/
http://xn--56-6kchvgg0bfe4n5a.xn--p1ai/wp/novosti/u-menya-vich-obnimi-menya-podderzhi/;301;H_NEW_EMPTY;http://tepnewlife.dev/news/
http://xn--56-6kchvgg0bfe4n5a.xn--p1ai/wp/novosti/u-menya-vich-obnimi-menya-podderzhi/?replytocom=188;301;H_NEW_EMPTY;http://tepnewlife.dev/news/
http://xn--56-6kchvgg0bfe4n5a.xn--p1ai/wp/gruppa-vzaimopomoshhi/;301;H_DIFF;http://tepnewlife.dev/news/2016/01/27/gruppa-vzaimopomoshhi/
http://xn--56-6kchvgg0bfe4n5a.xn--p1ai/wp/tag/gruppa-vzaimopomoshhi/;301;H_OLD_EMPTY;http://tepnewlife.dev/news/2016/01/27/gruppa-vzaimopomoshhi/
http://xn--56-6kchvgg0bfe4n5a.xn--p1ai/wp/gruppa-vzaimopomoshhi-2/gruppa-vzaimopomoshhi/;301;H_SAME;http://tepnewlife.dev/news/2016/01/27/gruppa-vzaimopomoshhi/
http://xn--56-6kchvgg0bfe4n5a.xn--p1ai/wp/?p=10;301;H_SAME;http://tepnewlife.dev/news/2016/01/27/gruppa-vzaimopomoshhi/
http://xn--56-6kchvgg0bfe4n5a.xn--p1ai/wp/novosti/ej-drug-ty-ne-smej-perezhivat/;301;H_SAME;http://tepnewlife.dev/news/2016/04/08/ej-drug-ty-ne-smej-perezhivat/
http://xn--56-6kchvgg0bfe4n5a.xn--p1ai/wp/?p=79;301;H_SAME;http://tepnewlife.dev/news/2016/04/08/ej-drug-ty-ne-smej-perezhivat/
http://xn--56-6kchvgg0bfe4n5a.xn--p1ai/wp/novosti/kazanskij-marafon-prover-sebya/;301;H_SAME;http://tepnewlife.dev/news/2016/04/27/kazanskij-marafon-prover-sebya/
http://xn--56-6kchvgg0bfe4n5a.xn--p1ai/wp/?p=151;301;H_SAME;http://tepnewlife.dev/news/2016/04/27/kazanskij-marafon-prover-sebya/
http://xn--56-6kchvgg0bfe4n5a.xn--p1ai/wp/?p=159;301;H_SAME;http://tepnewlife.dev/news/2016/04/27/molchanie-vredit-vashemu-zdorovyu/
http://xn--56-6kchvgg0bfe4n5a.xn--p1ai/wp/pravo-na-zdorove/molchanie-vredit-vashemu-zdorovyu/;301;H_SAME;http://tepnewlife.dev/news/2016/04/27/molchanie-vredit-vashemu-zdorovyu/
http://xn--56-6kchvgg0bfe4n5a.xn--p1ai/wp/novosti/obyavlenie/;301;H_SAME;http://tepnewlife.dev/news/2016/05/10/obyavlenie/
http://xn--56-6kchvgg0bfe4n5a.xn--p1ai/wp/?p=209;301;H_SAME;http://tepnewlife.dev/news/2016/05/10/obyavlenie/
http://xn--56-6kchvgg0bfe4n5a.xn--p1ai/wp/novosti/meropriyatiya/vsemirnyj-den-pamyati-zhertv-spida/;301;H_SAME;http://tepnewlife.dev/news/2016/05/10/vsemirnyj-den-pamyati-zhertv-spida/
http://xn--56-6kchvgg0bfe4n5a.xn--p1ai/wp/?p=212;301;H_SAME;http://tepnewlife.dev/news/2016/05/10/vsemirnyj-den-pamyati-zhertv-spida/
http://xn--56-6kchvgg0bfe4n5a.xn--p1ai/wp/tag/kazan/;301;H_OLD_EMPTY;http://tepnewlife.dev/news/2016/06/17/kazanskij-marafon/
http://xn--56-6kchvgg0bfe4n5a.xn--p1ai/wp/tag/kazanskij-marafon/;301;H_OLD_EMPTY;http://tepnewlife.dev/news/2016/06/17/kazanskij-marafon/
http://xn--56-6kchvgg0bfe4n5a.xn--p1ai/wp/novosti/kazanskij-marafon/;301;H_SAME;http://tepnewlife.dev/news/2016/06/17/kazanskij-marafon/
http://xn--56-6kchvgg0bfe4n5a.xn--p1ai/wp/?p=261;301;H_SAME;http://tepnewlife.dev/news/2016/06/17/kazanskij-marafon/
http://xn--56-6kchvgg0bfe4n5a.xn--p1ai/wp/novosti/vebinar-po-reproduktivnomu-zdorovyu/;301;H_SAME;http://tepnewlife.dev/news/2016/06/17/vebinar-po-reproduktivnomu-zdorovyu/
http://xn--56-6kchvgg0bfe4n5a.xn--p1ai/wp/?p=1208;301;H_SAME;http://tepnewlife.dev/news/2016/06/17/vebinar-po-reproduktivnomu-zdorovyu/
http://xn--56-6kchvgg0bfe4n5a.xn--p1ai/wp/tag/shkola/;301;H_OLD_EMPTY;http://tepnewlife.dev/news/2016/06/18/shkola-pacienta/
http://xn--56-6kchvgg0bfe4n5a.xn--p1ai/wp/novosti/shkola-pacienta/;301;H_SAME;http://tepnewlife.dev/news/2016/06/18/shkola-pacienta/
http://xn--56-6kchvgg0bfe4n5a.xn--p1ai/wp/?p=272;301;H_SAME;http://tepnewlife.dev/news/2016/06/18/shkola-pacienta/
http://xn--56-6kchvgg0bfe4n5a.xn--p1ai/wp/novosti/vnimanie/;301;H_SAME;http://tepnewlife.dev/news/2016/06/23/vnimanie/
http://xn--56-6kchvgg0bfe4n5a.xn--p1ai/wp/?p=1212;301;H_SAME;http://tepnewlife.dev/news/2016/06/23/vnimanie/
http://xn--56-6kchvgg0bfe4n5a.xn--p1ai/wp/?p=1285;301;H_SAME;http://tepnewlife.dev/news/2016/06/25/shkola-pacienta-po-virusnym-gepatitam-v-i-s/
http://xn--56-6kchvgg0bfe4n5a.xn--p1ai/wp/pravo-na-zdorove/shkola-pacienta-po-virusnym-gepatitam-v-i-s/;301;H_SAME;http://tepnewlife.dev/news/2016/06/25/shkola-pacienta-po-virusnym-gepatitam-v-i-s/
http://xn--56-6kchvgg0bfe4n5a.xn--p1ai/wp/gruppa-vzaimopomoshhi-2/uchastnikov-gruppy-vzaimopomoshhi-pribavlyaetsya/;301;H_SAME;http://tepnewlife.dev/news/2016/07/01/uchastnikov-gruppy-vzaimopomoshhi-pribavlyaetsya/
http://xn--56-6kchvgg0bfe4n5a.xn--p1ai/wp/?p=1330;301;H_SAME;http://tepnewlife.dev/news/2016/07/01/uchastnikov-gruppy-vzaimopomoshhi-pribavlyaetsya/
http://xn--56-6kchvgg0bfe4n5a.xn--p1ai/wp/gruppa-vzaimopomoshhi-2/9-i-16-avgusta-gruppy-ne-budet/;301;H_SAME;http://tepnewlife.dev/news/2016/07/24/9-i-16-avgusta-gruppy-ne-budet/
http://xn--56-6kchvgg0bfe4n5a.xn--p1ai/wp/?p=1247;301;H_SAME;http://tepnewlife.dev/news/2016/07/24/9-i-16-avgusta-gruppy-ne-budet/
http://xn--56-6kchvgg0bfe4n5a.xn--p1ai/wp/?p=1273;301;H_SAME;http://tepnewlife.dev/news/2016/07/26/zhenshhiny-i-tuberkulez-kontracepciya-beremennost-vich/
http://xn--56-6kchvgg0bfe4n5a.xn--p1ai/wp/pravo-na-zdorove/zhenshhiny-i-tuberkulez-kontracepciya-beremennost-vich/;301;H_SAME;http://tepnewlife.dev/news/2016/07/26/zhenshhiny-i-tuberkulez-kontracepciya-beremennost-vich/
http://xn--56-6kchvgg0bfe4n5a.xn--p1ai/wp/gruppa-vzaimopomoshhi-2/idyom-v-poxod/;301;H_SAME;http://tepnewlife.dev/news/2016/08/11/idyom-v-poxod/
http://xn--56-6kchvgg0bfe4n5a.xn--p1ai/wp/?p=1306;301;H_SAME;http://tepnewlife.dev/news/2016/08/11/idyom-v-poxod/
http://xn--56-6kchvgg0bfe4n5a.xn--p1ai/wp/gruppa-vzaimopomoshhi-2/vesyolye-starty-i-otlichnoe-nastroenie-v-eto-voskresene/;301;H_SAME;http://tepnewlife.dev/news/2016/09/26/vesyolye-starty-i-otlichnoe-nastroenie-v-eto-voskresene/
http://xn--56-6kchvgg0bfe4n5a.xn--p1ai/wp/?p=1383;301;H_SAME;http://tepnewlife.dev/news/2016/09/26/vesyolye-starty-i-otlichnoe-nastroenie-v-eto-voskresene/
http://xn--56-6kchvgg0bfe4n5a.xn--p1ai/wp/o-nas/u-nas-budet-novyj-sajt/;301;H_SAME;http://tepnewlife.dev/news/2016/10/31/u-nas-budet-novyj-sajt/
http://xn--56-6kchvgg0bfe4n5a.xn--p1ai/wp/?p=1445;301;H_SAME;http://tepnewlife.dev/news/2016/10/31/u-nas-budet-novyj-sajt/
http://xn--56-6kchvgg0bfe4n5a.xn--p1ai/wp/gruppa-vzaimopomoshhi-2/plakat-obyavlenie-dlya-gruppy-vzaimopomoshhi/;301;H_SAME;http://tepnewlife.dev/news/2016/11/03/plakat-obyavlenie-dlya-gruppy-vzaimopomoshhi/
http://xn--56-6kchvgg0bfe4n5a.xn--p1ai/wp/?p=1456;301;H_SAME;http://tepnewlife.dev/news/2016/11/03/plakat-obyavlenie-dlya-gruppy-vzaimopomoshhi/
http://xn--56-6kchvgg0bfe4n5a.xn--p1ai/wp/gruppa-vzaimopomoshhi-2/vstrecha-s-vrachom-v-neformalnoj-obstanovke/;301;H_SAME;http://tepnewlife.dev/news/2016/11/07/vstrecha-s-vrachom-v-neformalnoj-obstanovke/
http://xn--56-6kchvgg0bfe4n5a.xn--p1ai/wp/?p=1462;301;H_SAME;http://tepnewlife.dev/news/2016/11/07/vstrecha-s-vrachom-v-neformalnoj-obstanovke/
http://xn--56-6kchvgg0bfe4n5a.xn--p1ai/wp/?p=1472;301;H_SAME;http://tepnewlife.dev/news/2016/11/22/xotim-stat-roditelyami-zachatie-i-beremennost-v-diskordantnyx-i-vich-pozitivnyx-parax/
http://xn--56-6kchvgg0bfe4n5a.xn--p1ai/wp/pravo-na-zdorove/xotim-stat-roditelyami-zachatie-i-beremennost-v-diskordantnyx-i-vich-pozitivnyx-parax/;301;H_SAME;http://tepnewlife.dev/news/2016/11/22/xotim-stat-roditelyami-zachatie-i-beremennost-v-diskordantnyx-i-vich-pozitivnyx-parax/
http://xn--56-6kchvgg0bfe4n5a.xn--p1ai/wp/gruppa-vzaimopomoshhi-2/ocherednaya-vstrecha-s-vrachom/;301;H_SAME;http://tepnewlife.dev/news/2016/11/29/ocherednaya-vstrecha-s-vrachom/
http://xn--56-6kchvgg0bfe4n5a.xn--p1ai/wp/?p=1481;301;H_SAME;http://tepnewlife.dev/news/2016/11/29/ocherednaya-vstrecha-s-vrachom/
http://xn--56-6kchvgg0bfe4n5a.xn--p1ai/wp/?p=1403;301;H_DIFF;http://tepnewlife.dev/our-projects/
http://xn--56-6kchvgg0bfe4n5a.xn--p1ai/wp/?p=1512;301;H_DIFF;http://tepnewlife.dev/our-projects/
http://xn--56-6kchvgg0bfe4n5a.xn--p1ai/wp/?p=1521;301;H_DIFF;http://tepnewlife.dev/our-projects/
http://xn--56-6kchvgg0bfe4n5a.xn--p1ai/wp/?p=33;301;H_DIFF;http://tepnewlife.dev/our-projects/
http://xn--56-6kchvgg0bfe4n5a.xn--p1ai/wp/proekty/;301;H_DIFF;http://tepnewlife.dev/our-projects/
http://xn--56-6kchvgg0bfe4n5a.xn--p1ai/wp/proekty/konkurs-maketa-bannera/;301;H_DIFF;http://tepnewlife.dev/our-projects/
http://xn--56-6kchvgg0bfe4n5a.xn--p1ai/wp/proekty/organizaciya-modeli-kompleksnoj-preemstvennoj-pomoshhi-semyam-s-detmi-rannego-vozrasta-zatronutym-problemoj-vich/;301;H_DIFF;http://tepnewlife.dev/our-projects/
http://xn--56-6kchvgg0bfe4n5a.xn--p1ai/wp/gruppa-vzaimopomoshhi/kontakty-gruppy/;301;H_DIFF;http://tepnewlife.dev/support-group/
http://xn--56-6kchvgg0bfe4n5a.xn--p1ai/wp/?p=1544;301;H_DIFF;http://tepnewlife.dev/support-group/
http://xn--56-6kchvgg0bfe4n5a.xn--p1ai/wp/?p=196;301;H_DIFF;http://tepnewlife.dev/support-group/
http://xn--56-6kchvgg0bfe4n5a.xn--p1ai/wp/?p=2;301;H_DIFF;http://tepnewlife.dev/support-group/
